slug,day,n_posts,n_rel,w_sum,sent_sum,pos,neg,news,ew_sum,sew_sum,attention_z,sent_w,sent_eng,pos_share,neg_share,news_share,n_rel_log,ret_same,ret_next,ret_next5,prev_sent,sent_change
circio-holding-crna-xosl,2026-08-27,3.0,1.0,1.1,0.18000000000000002,0.0,0.0,0.0,3.3014713181385376,0.5025167044610499,,0.16363636363636364,0.15220992582918544,0.0,0.0,0.0,0.6931471805599453,0.08478418242863839,-0.07262496127201201,-0.15208491596023677,,
constellation-oil-services-holding-cosh-xosl,2026-08-27,1.0,1.0,0.5,0.0,0.0,0.0,0.0,0.8465735902799727,0.0,,0.0,0.0,0.0,0.0,0.0,0.6931471805599453,-0.004978864163870167,0.009664405945238208,-0.00682545060467088,,
hunter-group-hunt-xoas,2026-08-27,3.0,2.0,1.6500000000000001,0.6650000000000001,1.0,0.0,1.0,2.419028602067677,0.6650000000000001,,0.40303030303030307,0.27490373591762746,0.5,0.0,0.5,1.0986122886681096,0.08146056110824484,0.042374477282349776,0.1277930739454909,,
kitron-kit-xosl,2026-08-27,1.0,1.0,0.8,0.56,1.0,0.0,1.0,1.9090354888959127,1.336324842227139,,0.7000000000000001,0.7000000000000001,1.0,0.0,1.0,0.6931471805599453,0.017583125219021722,-0.002125644975247587,-0.02443107324084648,,
link-mobility-group-holding-link-xosl,2026-08-27,1.0,1.0,0.8,0.4800000000000001,1.0,0.0,1.0,1.9090354888959127,1.1454212933375478,,0.6000000000000001,0.6000000000000001,1.0,0.0,1.0,0.6931471805599453,0.03764843682024588,-0.01775611050878645,-0.055115974775295284,,
mpc-container-ships-mpcc-xosl,2026-08-27,1.0,1.0,0.5,0.15000000000000002,1.0,0.0,0.0,0.5,0.15000000000000002,,0.30000000000000004,0.30000000000000004,1.0,0.0,0.0,0.6931471805599453,-0.009780257202908649,-0.021752536822779778,-0.020255628463243802,,
odfjell-drilling-odl-xosl,2026-08-27,1.0,1.0,0.9,-0.36000000000000004,0.0,1.0,1.0,3.058105745518534,-1.2232422982074136,,-0.4,-0.4,0.0,1.0,1.0,0.6931471805599453,-0.003195848502757004,0.00931735938405498,0.04653282847697027,,
okea-xosl,2026-08-27,1.0,1.0,0.6000000000000001,0.12000000000000002,0.0,0.0,1.0,0.6000000000000001,0.12000000000000002,,0.2,0.2,0.0,0.0,1.0,0.6931471805599453,0.003539863541387911,0.004430972318945514,0.012642317541511794,,
scatec-scatc-xosl,2026-08-27,1.0,1.0,1.0,0.5,1.0,0.0,1.0,2.386294361119891,1.1931471805599454,,0.5,0.5,1.0,0.0,1.0,0.6931471805599453,0.002215380440446335,0.016865850750930722,0.01959640579152877,,
sparebank-1-nord-norge-nong-xosl,2026-08-27,1.0,1.0,0.6000000000000001,0.0,0.0,0.0,1.0,1.0158883083359673,0.0,,0.0,0.0,0.0,0.0,1.0,0.6931471805599453,0.005744323092188974,-0.001546214430852677,-0.0024671800875737393,,
aker-bp-akrbp-xosl,2026-08-28,1.0,1.0,0.8,-0.24000000000000005,0.0,1.0,0.0,1.9090354888959127,-0.5727106466687739,,-0.30000000000000004,-0.30000000000000004,0.0,1.0,0.0,0.6931471805599453,0.002367967934953752,0.013024645917246058,0.005108909281460239,,
cadeler-cadlr-xosl,2026-08-28,1.0,1.0,0.5,0.0,0.0,0.0,0.0,1.1931471805599454,0.0,,0.0,0.0,0.0,0.0,0.0,0.6931471805599453,-0.007340936019021527,-0.02800732822514118,-0.027703603839787205,,
circio-holding-crna-xosl,2026-08-28,3.0,1.0,0.9,0.0,0.0,0.0,0.0,1.8887510598012986,0.0,,0.0,0.0,0.0,0.0,0.0,0.6931471805599453,-0.07262496127201201,-0.029907964763430273,-0.01783065433977926,0.16363636363636364,-0.16363636363636364
norbit-norbt-xosl,2026-08-28,1.0,1.0,0.5,0.0,0.0,0.0,0.0,1.3047189562170503,0.0,,0.0,0.0,0.0,0.0,0.0,0.6931471805599453,-0.0030101473642665244,-0.004461157271481442,-0.024678571846677544,,
nordic-semiconductor-nod-xosl,2026-08-28,1.0,1.0,0.8,0.4,1.0,0.0,1.0,1.3545177444479564,0.6772588722239782,,0.5,0.5,1.0,0.0,1.0,0.6931471805599453,-0.01719587456707239,-0.018236655804864332,0.0019050597660440483,,
paratus-energy-services-plsv-xosl,2026-08-28,1.0,1.0,0.8,0.0,0.0,0.0,0.0,0.8,0.0,,0.0,0.0,0.0,0.0,0.0,0.6931471805599453,-0.03816165501930613,0.01564488768239447,0.01131398496523972,,
sentia-sntia-xosl,2026-08-28,1.0,1.0,0.9,0.6300000000000001,1.0,0.0,1.0,1.8887510598012986,1.3221257418609091,,0.7000000000000001,0.7000000000000001,1.0,0.0,1.0,0.6931471805599453,0.027276344671925967,-0.012152119709397557,-0.009628270775920322,,
aker-solutions-akso-xosl,2026-08-31,2.0,2.0,1.9,-0.5700000000000001,0.0,2.0,2.0,4.297895272798371,-1.2893685818395113,,-0.30000000000000004,-0.3,0.0,1.0,1.0,1.0986122886681096,0.0025086075931248786,-0.00971290459982399,-0.017378599385978744,,
blue-nord-bnor-xosl,2026-08-31,2.0,2.0,1.7000000000000002,0.5700000000000001,1.0,0.0,1.0,1.7000000000000002,0.5700000000000001,,0.3352941176470588,0.3352941176470588,0.5,0.0,0.5,1.0986122886681096,0.011674506896112824,0.008197136681269868,0.03116109751273144,,
bw-lpg-bwlpg-xosl,2026-08-31,1.0,1.0,0.9,0.0,0.0,0.0,0.0,3.058105745518534,0.0,,0.0,0.0,0.0,0.0,0.0,0.6931471805599453,-0.006031539549271159,0.01958156312749315,0.029654686458513324,,
cadeler-cadlr-xosl,2026-08-31,1.0,1.0,0.9,0.45,1.0,0.0,0.0,2.1476649250079016,1.0738324625039508,,0.5,0.5,1.0,0.0,0.0,0.6931471805599453,-0.02800732822514118,0.018163409892623328,0.012429432142264218,0.0,0.5
circio-holding-crna-xosl,2026-08-31,8.0,4.0,3.0,0.12999999999999995,1.0,1.0,2.0,6.689715852089714,1.454997540624898,,0.043333333333333314,0.21749765951126163,0.25,0.25,0.5,1.6094379124341003,-0.029907964763430273,-0.057619005420232905,0.03790421401718658,0.08181818181818182,-0.038484848484848504
grieg-seafood-gsf-xosl,2026-08-31,3.0,3.0,2.2,0.14000000000000012,1.0,1.0,2.0,4.695329850015803,1.637197910009482,,0.06363636363636369,0.3486864527747655,0.3333333333333333,0.3333333333333333,0.6666666666666666,1.3862943611198906,-0.062220648797931766,0.002062819625898271,-0.07703401466135962,,
hafnia-hafni-xosl,2026-08-31,3.0,1.0,0.8,0.16000000000000003,0.0,0.0,0.0,1.9090354888959127,0.38180709777918254,,0.20000000000000004,0.2,0.0,0.0,0.0,0.6931471805599453,0.007402073466709513,0.027467272879341698,0.015104147924012601,,
moreld-morld-xosl,2026-08-31,1.0,1.0,0.9,0.7200000000000001,1.0,0.0,1.0,3.208454421715383,2.5667635373723066,,0.8,0.8,1.0,0.0,1.0,0.6931471805599453,0.01838745396450392,0.01492292259348238,0.01815947993135547,,
nykode-therapeutics-nykd-xosl,2026-08-31,1.0,1.0,0.9,0.5400000000000001,1.0,0.0,1.0,2.877502119602598,1.7265012717615589,,0.6000000000000002,0.6000000000000001,1.0,0.0,1.0,0.6931471805599453,-0.011021497994782248,-0.04736409554719678,-0.05275062191749291,,
okeanis-eco-tankers-oet-xosl,2026-08-31,1.0,1.0,0.9,0.18000000000000002,0.0,0.0,1.0,0.9,0.18000000000000002,,0.2,0.2,0.0,0.0,1.0,0.6931471805599453,-0.0006183190477631051,0.01877813160890729,0.053016899991554345,,
pexip-holding-pexip-xosl,2026-08-31,1.0,1.0,0.8,0.24000000000000005,1.0,0.0,1.0,0.8,0.24000000000000005,,0.30000000000000004,0.30000000000000004,1.0,0.0,1.0,0.6931471805599453,-0.029234996244230094,-0.015596152534470109,-0.013961108183843884,,
axactor-acr-xosl,2026-09-01,1.0,1.0,0.9,0.6300000000000001,1.0,0.0,0.0,3.058105745518534,2.140674021862974,,0.7000000000000001,0.7000000000000001,1.0,0.0,0.0,0.6931471805599453,0.03544481414663392,-0.030423322939497344,-0.026807727054961483,,
capital-tankers-corp-capt-merk,2026-09-01,1.0,1.0,0.6000000000000001,0.30000000000000004,1.0,0.0,1.0,0.6000000000000001,0.30000000000000004,,0.5,0.5,1.0,0.0,1.0,0.6931471805599453,-0.011190464638792363,0.022204455832948056,0.09710402336581936,,
circio-holding-crna-xosl,2026-09-01,5.0,1.0,0.9,0.7200000000000001,1.0,0.0,0.0,1.523832462503951,1.219065970003161,,0.8,0.8000000000000002,1.0,0.0,0.0,0.6931471805599453,-0.057619005420232905,0.0030961988807313157,0.09767149220301297,0.06898989898989898,0.7310101010101011
hexagon-composites-hex-xosl,2026-09-01,1.0,1.0,0.5,0.30000000000000004,1.0,0.0,0.0,0.5,0.30000000000000004,,0.6000000000000001,0.6000000000000001,1.0,0.0,0.0,0.6931471805599453,0.004242766587413627,-0.01773711523483401,0.00021552543429137483,,
kongsberg-maritime-kmar-xosl,2026-09-01,1.0,1.0,0.8,0.56,1.0,0.0,0.0,3.572588722239782,2.5008121055678476,,0.7000000000000001,0.7000000000000001,1.0,0.0,0.0,0.6931471805599453,-0.021637779254056078,-0.006189523579334222,0.030735255282565044,,
mpc-container-ships-mpcc-xosl,2026-09-01,2.0,1.0,0.8,0.56,1.0,0.0,0.0,0.8,0.56,,0.7000000000000001,0.7000000000000001,1.0,0.0,0.0,0.6931471805599453,0.011376365961951018,-0.01103018192237093,-0.0036229878055945575,0.30000000000000004,0.4
nykode-therapeutics-nykd-xosl,2026-09-01,3.0,1.0,0.8,0.32000000000000006,1.0,0.0,1.0,2.7183162182386966,1.0873264872954786,,0.4000000000000001,0.4,1.0,0.0,1.0,0.6931471805599453,-0.04736409554719678,0.01168523590833781,-0.015491747690110413,0.6000000000000002,-0.20000000000000012
orkla-ork-xosl,2026-09-01,1.0,1.0,0.8,0.4800000000000001,1.0,0.0,0.0,2.4635532333438688,1.4781319400063215,,0.6000000000000001,0.6000000000000001,1.0,0.0,0.0,0.6931471805599453,0.004324010024594704,-0.01887031270545414,-0.02756035192301487,,
sats-xosl,2026-09-01,1.0,1.0,0.8,0.4800000000000001,1.0,0.0,0.0,0.8,0.4800000000000001,,0.6000000000000001,0.6000000000000001,1.0,0.0,0.0,0.6931471805599453,-0.006116638567839061,0.016518983307584167,0.004124854512994491,,
sed-energy-holdings-enh-xosl,2026-09-01,1.0,1.0,0.5,0.25,1.0,0.0,0.0,0.5,0.25,,0.5,0.5,1.0,0.0,0.0,0.6931471805599453,0.00016851364296410765,-0.002085143469024664,-0.04899009480313088,,
sentia-sntia-xosl,2026-09-01,2.0,2.0,1.6,-0.4000000000000001,0.0,1.0,0.0,2.1545177444479564,-0.566355323334387,,-0.25000000000000006,-0.2628687207584368,0.0,0.5,0.0,1.0986122886681096,-0.012276446431274901,0.016007069102755733,0.02407132171626747,0.7000000000000001,-0.9500000000000002
capital-tankers-corp-capt-merk,2026-09-02,2.0,2.0,1.9,0.9,1.0,0.0,1.0,5.085975637137518,2.877502119602598,,0.4736842105263158,0.5657719039374144,0.5,0.0,0.5,1.0986122886681096,0.022204455832948056,0.028153584741175353,0.08793254955740737,0.5,-0.02631578947368418
circio-holding-crna-xosl,2026-09-02,9.0,2.0,2.1,0.21000000000000005,1.0,1.0,1.0,4.468478717469453,0.676764271688291,,0.10000000000000002,0.15145294729557307,0.5,0.5,0.5,1.0986122886681096,0.0030961988807313157,0.0049708166147071076,0.061989725913426,0.25174242424242427,-0.15174242424242423
cmb0tech-nv-cmbto-xosl,2026-09-02,1.0,1.0,0.5,0.30000000000000004,1.0,0.0,0.0,0.5,0.30000000000000004,,0.6000000000000001,0.6000000000000001,1.0,0.0,0.0,0.6931471805599453,0.010072925323999837,0.0173495378435482,0.014203874797696248,,
constellation-oil-services-holding-cosh-xosl,2026-09-02,1.0,1.0,0.6000000000000001,0.0,0.0,0.0,0.0,1.0158883083359673,0.0,,0.0,0.0,0.0,0.0,0.0,0.6931471805599453,0.02483532931551402,-0.021248074372608117,-0.028532685856768825,0.0,0.0
dno-xosl,2026-09-02,1.0,1.0,0.5,0.1,0.0,0.0,1.0,0.8465735902799727,0.16931471805599455,,0.2,0.2,0.0,0.0,1.0,0.6931471805599453,0.024102233019002717,-0.008092736024066682,0.02032051893900999,,
grieg-seafood-gsf-xosl,2026-09-02,1.0,1.0,0.9,0.5400000000000001,1.0,0.0,1.0,2.5125835223052495,1.50755011338315,,0.6000000000000002,0.6000000000000001,1.0,0.0,1.0,0.6931471805599453,-0.005185366851123918,-0.04520457700696623,-0.06681771403724246,0.06363636363636369,0.5363636363636365
hunter-group-hunt-xoas,2026-09-02,2.0,1.0,0.8,0.0,0.0,0.0,0.0,1.3545177444479564,0.0,,0.0,0.0,0.0,0.0,0.0,0.6931471805599453,-0.0033140458008789064,0.053254376290609695,0.14482826680772642,0.40303030303030307,-0.40303030303030307
leroy-seafood-group-lsg-xosl,2026-09-02,2.0,1.0,0.9500000000000001,0.7600000000000001,1.0,0.0,1.0,1.9936816742347043,1.5949453393877635,,0.8,0.8,1.0,0.0,1.0,0.6931471805599453,-0.006634062718748557,-0.030788747297795793,-0.008440132844788395,,
moreld-morld-xosl,2026-09-02,1.0,1.0,0.8,0.4800000000000001,1.0,0.0,0.0,2.233407575382444,1.3400445452294667,,0.6000000000000001,0.6000000000000001,1.0,0.0,0.0,0.6931471805599453,0.019128247229380224,-0.007861054956519564,-0.03891821785846317,0.8,-0.19999999999999996
thor-medical-trmed-xosl,2026-09-02,5.0,1.0,0.5,0.05,0.0,0.0,0.0,1.0493061443340548,0.10493061443340548,,0.1,0.1,0.0,0.0,0.0,0.6931471805599453,-0.019791061952476152,-0.014385964716912447,-0.14817298079578312,,
bakkafrost-bakka-xosl,2026-09-03,1.0,1.0,0.9,-0.18000000000000002,0.0,0.0,0.0,2.1476649250079016,-0.4295329850015803,1.7888543819998317,-0.2,-0.2,0.0,0.0,0.0,0.6931471805599453,-0.011207433684107038,0.0009735804560419004,-0.0022448236410016476,,
frontline-fro-xosl,2026-09-03,1.0,1.0,0.8,0.08000000000000002,0.0,0.0,0.0,0.8,0.08000000000000002,-0.2738612787525831,0.10000000000000002,0.10000000000000002,0.0,0.0,0.0,0.6931471805599453,0.022744840512065823,0.029565210758106697,0.04036036497682105,,
kongsberg-gruppen-kog-xosl,2026-09-03,3.0,2.0,1.6,0.08000000000000002,1.0,1.0,1.0,3.5879253198304006,0.2599472462780187,2.906888370749727,0.05000000000000001,0.07245057327177207,0.5,0.5,0.5,1.0986122886681096,-0.012507620768620997,0.004879770696179064,-0.01729967054326864,,
leroy-seafood-group-lsg-xosl,2026-09-03,2.0,1.0,0.9,0.6300000000000001,1.0,0.0,1.0,0.9,0.6300000000000001,1.788854381999832,0.7000000000000001,0.7000000000000001,1.0,0.0,1.0,0.6931471805599453,-0.030788747297795793,0.002816852657535285,0.00637487579843532,0.8,-0.09999999999999998
orkla-ork-xosl,2026-09-03,1.0,1.0,0.7000000000000001,0.4900000000000001,1.0,0.0,0.0,0.7000000000000001,0.4900000000000001,1.788854381999832,0.7000000000000001,0.7000000000000001,1.0,0.0,0.0,0.6931471805599453,-0.010666665793702679,0.009081688564149926,-0.005560443960218708,0.6000000000000001,0.09999999999999998
protector-forsikring-prot-xosl,2026-09-03,1.0,1.0,0.9,0.7200000000000001,1.0,0.0,1.0,2.1476649250079016,1.7181319400063213,,0.8,0.8,1.0,0.0,1.0,0.6931471805599453,0.011938294746284939,0.00013290389709574857,-0.015602674500182379,,
thor-medical-trmed-xosl,2026-09-03,4.0,2.0,2.0500000000000003,0.13500000000000004,1.0,1.0,1.0,3.8986146416025482,1.059307320801274,1.3416407864998738,0.06585365853658537,0.27171377994051743,0.5,0.5,0.5,1.0986122886681096,-0.014385964716912447,-0.1068874247324173,-0.13262501242394398,0.1,-0.03414634146341464
var-energi-var-xosl,2026-09-03,3.0,1.0,1.0,-0.10000000000000003,0.0,1.0,0.0,1.9169934957341144,0.28918202981106267,,-0.10000000000000003,0.15085185758563055,0.0,1.0,0.0,0.6931471805599453,0.0040062613839082495,-0.006950304544134589,0.054120576726634284,,
akva-group-akva-xosl,2026-09-04,1.0,1.0,0.6000000000000001,0.30000000000000004,1.0,0.0,0.0,0.6000000000000001,0.30000000000000004,,0.5,0.5,1.0,0.0,0.0,0.6931471805599453,-0.005970794342176733,0.006139430475002761,0.0003192144801562602,,
austevoll-seafood-auss-xosl,2026-09-04,1.0,1.0,0.8,0.4800000000000001,1.0,0.0,0.0,0.8,0.4800000000000001,,0.6000000000000001,0.6000000000000001,1.0,0.0,0.0,0.6931471805599453,-0.0013932473338065243,0.0026429622903491046,0.010925642493323173,,
circio-holding-crna-xosl,2026-09-04,5.0,1.0,0.8,0.56,1.0,0.0,0.0,0.8,0.56,-0.19920476822239896,0.7000000000000001,0.7000000000000001,1.0,0.0,0.0,0.6931471805599453,0.06162930034844549,0.025826903593535566,-0.016628193024473048,0.2213939393939394,0.4786060606060607
elkem-elk-xosl,2026-09-04,2.0,1.0,1.0,0.7200000000000001,1.0,0.0,1.0,1.6931471805599456,1.219065970003161,4.490731195102493,0.7200000000000001,0.7200000000000001,1.0,0.0,1.0,0.6931471805599453,0.03738982877388153,0.013239757093680526,0.015056763307927712,,
end-r-endur-xosl,2026-09-04,1.0,1.0,0.5,-0.2,0.0,1.0,0.0,1.5397207708399179,-0.6158883083359672,,-0.4,-0.4,0.0,1.0,0.0,0.6931471805599453,0.012126039514164577,0.008157653993396852,-0.04802884055083312,,
europris-epr-xosl,2026-09-04,1.0,1.0,1.0,0.30000000000000004,1.0,0.0,1.0,1.0,0.30000000000000004,,0.30000000000000004,0.30000000000000004,1.0,0.0,1.0,0.6931471805599453,0.007830705874568689,0.0026429622903491046,-0.0389728606383839,,
kitron-kit-xosl,2026-09-04,2.0,2.0,1.7000000000000002,0.7200000000000001,1.0,0.0,1.0,3.7519594859692296,0.7200000000000001,1.6329931618554523,0.4235294117647059,0.1918997267141346,0.5,0.0,0.5,1.0986122886681096,0.060896667432484564,0.023389849928759587,-0.008614758741560813,0.7000000000000001,-0.2764705882352942
kongsberg-gruppen-kog-xosl,2026-09-04,3.0,1.0,0.8,-0.4,0.0,1.0,1.0,0.8,-0.4,1.6301020533704371,-0.5,-0.5,0.0,1.0,1.0,0.6931471805599453,0.004879770696179064,-0.031079456977840536,-0.020291643462358455,0.05000000000000001,-0.55
orkla-ork-xosl,2026-09-04,3.0,3.0,2.6,1.2600000000000002,2.0,0.0,1.0,5.132019864050554,2.446501271761559,5.0,0.48461538461538467,0.4767131337310543,0.6666666666666666,0.0,0.3333333333333333,1.3862943611198906,0.009081688564149926,-0.007544672543347453,-0.026386120414245817,0.6500000000000001,-0.16538461538461546
scatec-scatc-xosl,2026-09-04,1.0,1.0,0.9,0.2700000000000001,1.0,0.0,1.0,1.8887510598012986,0.5666253179403897,0.9128709291752769,0.3000000000000001,0.30000000000000004,1.0,0.0,1.0,0.6931471805599453,0.024112367046145722,0.015425686880000788,-0.02742180321667398,0.5,-0.1999999999999999
bonheur-bonhr-xosl,2026-09-07,1.0,1.0,0.8,0.24000000000000005,1.0,0.0,1.0,1.9090354888959127,0.5727106466687739,,0.30000000000000004,0.30000000000000004,1.0,0.0,1.0,0.6931471805599453,0.014361712290349105,0.0018974881425202206,-0.015294452645478018,,
capital-tankers-corp-capt-merk,2026-09-07,1.0,1.0,0.6000000000000001,0.0,0.0,0.0,0.0,2.0909439898728004,0.0,0.5447047794019223,0.0,0.0,0.0,0.0,0.0,0.6931471805599453,0.00021437732012585808,-0.0057489327646181865,0.027531579390436045,0.4868421052631579,-0.4868421052631579
circio-holding-crna-xosl,2026-09-07,13.0,2.0,2.0,-0.5200000000000001,1.0,1.0,1.0,4.456138442542822,0.03243310440239566,3.29325975980636,-0.26000000000000006,0.007278298199345944,0.5,0.5,0.5,1.0986122886681096,0.025826903593535566,0.002148272765593484,0.00797644265829478,0.3286666666666667,-0.5886666666666668
kitron-kit-xosl,2026-09-07,3.0,1.0,1.3,0.7300000000000002,1.0,0.0,1.0,3.0557634526597024,1.8589153699379544,2.3816525581123345,0.5615384615384617,0.6083309126300255,1.0,0.0,1.0,0.6931471805599453,0.023389849928759587,-0.03692247242136959,-0.053650491544229406,0.5617647058823529,-0.0002262443438912909
kongsberg-gruppen-kog-xosl,2026-09-07,2.0,1.0,0.7000000000000001,-0.14,0.0,0.0,0.0,0.7000000000000001,-0.14,0.5855400437691199,-0.2,-0.2,0.0,0.0,0.0,0.6931471805599453,-0.031079456977840536,0.006844278347763577,0.01733326863184126,-0.225,0.024999999999999994
mpc-container-ships-mpcc-xosl,2026-09-07,1.0,1.0,0.9,0.5400000000000001,1.0,0.0,1.0,3.1364159848092004,1.8818495908855204,0.5447047794019222,0.6000000000000002,0.6000000000000001,1.0,0.0,1.0,0.6931471805599453,-0.010107543232501737,-0.01828517406183805,0.015077739273083202,0.5,0.1000000000000002
multiconsult-multi-xosl,2026-09-07,2.0,1.0,0.9,0.0,0.0,0.0,0.0,2.3484941211906905,0.0,,0.0,0.0,0.0,0.0,0.0,0.6931471805599453,0.06617885147782177,-0.02727068065882743,-0.0397466228348714,,
okeanis-eco-tankers-oet-xosl,2026-09-07,2.0,2.0,1.4000000000000001,0.56,1.0,0.0,2.0,1.9545177444479565,0.9481624211135695,4.913538149119954,0.4,0.48511323256437006,0.5,0.0,1.0,1.0986122886681096,-0.01840966928859822,-0.0038940176489856704,0.08109393637891482,0.2,0.2
salmon-evolution-salme-xosl,2026-09-07,4.0,1.0,0.8,-0.4,0.0,1.0,0.0,0.8,-0.4,4.5392064950160185,-0.5,-0.5,0.0,1.0,0.0,0.6931471805599453,-0.019096211805680108,-0.04000509527847462,-0.12133899968083905,,
thor-medical-trmed-xosl,2026-09-07,3.0,2.0,1.7000000000000002,0.06000000000000005,1.0,1.0,2.0,4.562972166163339,1.1123620063604562,0.7740593145675551,0.03529411764705885,0.24378014282207597,0.5,0.5,1.0,1.0986122886681096,-0.006578364602816467,0.04677814028815863,-0.0201958524507293,0.08292682926829269,-0.047632711621233836
tomra-systems-tom-xosl,2026-09-07,2.0,1.0,0.9,0.7200000000000001,1.0,0.0,1.0,1.8887510598012986,1.511000847841039,4.913538149119954,0.8,0.8,1.0,0.0,1.0,0.6931471805599453,-0.08045432689719967,0.010524123935764518,-0.04259576883914862,,
akastor-akast-xosl,2026-09-08,2.0,1.0,0.9,0.45,1.0,0.0,1.0,2.771497387511852,1.385748693755926,5.0,0.5,0.5,1.0,0.0,1.0,0.6931471805599453,0.02155509622265739,-0.023118443718271764,-0.05692009378435514,,
autostore-auto-xosl,2026-09-08,2.0,1.0,0.5,0.1,0.0,0.0,0.0,1.4729550745276567,0.29459101490553136,3.139798295007712,0.2,0.2,0.0,0.0,0.0,0.6931471805599453,0.021259348400253897,-0.07827479297330853,-0.10563272851431493,,
circio-holding-crna-xosl,2026-09-08,2.0,1.0,0.7000000000000001,0.4200000000000001,1.0,0.0,0.0,0.7000000000000001,0.4200000000000001,-1.2792382036506686,0.6000000000000001,0.6000000000000001,1.0,0.0,0.0,0.6931471805599453,0.002148272765593484,-0.032585567408855654,-0.12250675960275281,0.27666666666666667,0.3233333333333334
dno-xosl,2026-09-08,1.0,1.0,0.6000000000000001,-0.18000000000000005,0.0,1.0,0.0,1.6750556815368332,-0.50251670446105,2.4748737341529163,-0.30000000000000004,-0.30000000000000004,0.0,1.0,0.0,0.6931471805599453,0.00318269192246734,0.018885891358999096,0.050636703386095716,0.2,-0.5
hexagon-composites-hex-xosl,2026-09-08,2.0,2.0,1.6,-0.6400000000000001,0.0,2.0,0.0,2.1545177444479564,-0.806355323334387,5.0,-0.4000000000000001,-0.37426255848312645,0.0,1.0,0.0,1.0986122886681096,-0.007611504001693414,-0.008552530190628627,-0.09403423759409635,0.6000000000000001,-1.0000000000000002
kongsberg-maritime-kmar-xosl,2026-09-08,1.0,1.0,0.5,0.25,1.0,0.0,1.0,0.5,0.25,0.40933261718236147,0.5,0.5,1.0,0.0,1.0,0.6931471805599453,0.011990230997372509,-0.01852632295737655,0.012069300348458878,0.7000000000000001,-0.20000000000000007
paratus-energy-services-plsv-xosl,2026-09-08,1.0,1.0,0.7000000000000001,0.35000000000000003,1.0,0.0,0.0,2.311809565095832,1.155904782547916,2.4748737341529163,0.5,0.5,1.0,0.0,0.0,0.6931471805599453,0.011978998224030146,-0.009143331387154063,-0.019757662585794145,0.0,0.5
prosafe-prs-xosl,2026-09-08,3.0,2.0,1.9,-0.06999999999999995,1.0,1.0,2.0,4.498188972235399,-0.5044807968429614,,-0.03684210526315787,-0.11215197937588137,0.5,0.5,1.0,1.0986122886681096,0.009464794320282799,0.032488000366061476,-0.047585070845578836,,
salmon-evolution-salme-xosl,2026-09-08,2.0,2.0,1.4,0.30000000000000004,1.0,0.0,0.0,3.9855385968329062,0.8837730447165941,0.7717436331412897,0.21428571428571433,0.22174494694867117,0.5,0.0,0.0,1.0986122886681096,-0.04000509527847462,-0.02723292110107578,-0.11874067532309662,-0.5,0.7142857142857143
telenor-tel-xosl,2026-09-08,1.0,1.0,0.9,-0.5400000000000001,0.0,1.0,1.0,0.9,-0.5400000000000001,2.4748737341529163,-0.6000000000000002,-0.6000000000000002,0.0,1.0,1.0,0.6931471805599453,0.009690911043526151,-0.006315496392075293,0.010152431593434375,,
borregaard-brg-xosl,2026-09-09,1.0,1.0,0.8,-0.4,0.0,1.0,1.0,1.3545177444479564,-0.6772588722239782,1.7638342073763937,-0.5,-0.5,0.0,1.0,1.0,0.6931471805599453,-0.017517586075092906,-0.0068124145458289265,-0.03020266153850093,,
bw-lpg-bwlpg-xosl,2026-09-09,3.0,1.0,0.8,0.24000000000000005,1.0,0.0,0.0,2.4635532333438688,0.7390659700031608,5.0,0.30000000000000004,0.30000000000000004,1.0,0.0,0.0,0.6931471805599453,0.004790499673195336,0.04783905331162197,0.08404383060023057,0.0,0.30000000000000004
dno-xosl,2026-09-09,2.0,2.0,1.0,-0.05,0.0,0.0,1.0,1.5493061443340548,0.004930614433405478,4.0316210454317565,-0.05,0.003182466197166491,0.0,0.0,0.5,1.0986122886681096,0.018885891358999096,0.010612584817865311,0.039144669476527394,-0.05000000000000002,1.3877787807814457e-17
hunter-group-hunt-xoas,2026-09-09,2.0,1.0,0.9,0.39000000000000007,1.0,0.0,1.0,1.8704060527839235,0.7642994775023706,1.1925695879998879,0.4333333333333334,0.40862756852437615,1.0,0.0,1.0,0.6931471805599453,0.011353588506070267,0.08706517492549026,0.2081110016342832,0.20151515151515154,0.23181818181818187
kongsberg-maritime-kmar-xosl,2026-09-09,1.0,1.0,0.6000000000000001,0.4800000000000001,1.0,0.0,1.0,0.6000000000000001,0.4800000000000001,0.3849001794597506,0.8,0.8,1.0,0.0,1.0,0.6931471805599453,-0.01852632295737655,0.017645417751910752,0.03321724034323392,0.6000000000000001,0.19999999999999996
moreld-morld-xosl,2026-09-09,2.0,1.0,0.5,-0.2,0.0,1.0,0.0,0.8465735902799727,-0.3386294361119891,2.9514591494904874,-0.4,-0.4,0.0,1.0,0.0,0.6931471805599453,-0.019132510317970364,-0.009895638373429105,-0.006734476208350104,0.7000000000000001,-1.1
odfjell-drilling-odl-xosl,2026-09-09,1.0,1.0,0.9,0.7200000000000001,1.0,0.0,1.0,1.523832462503951,1.219065970003161,2.666666666666666,0.8,0.8000000000000002,1.0,0.0,1.0,0.6931471805599453,-0.011171042312985935,0.03322939479309195,0.08662248931277738,-0.4,1.2000000000000002
salmon-evolution-salme-xosl,2026-09-09,3.0,2.0,1.5,-0.8400000000000001,0.0,1.0,0.0,1.5,-0.8400000000000001,1.414213562373095,-0.56,-0.56,0.0,0.5,0.0,1.0986122886681096,-0.02723292110107578,0.0034564520336711757,-0.07210407050218692,-0.14285714285714285,-0.4171428571428572
thor-medical-trmed-xosl,2026-09-09,4.0,1.0,0.9,0.4,1.0,0.0,0.0,2.880697510507226,1.3210340371976184,1.273364024424013,0.4444444444444445,0.45858130969294797,1.0,0.0,0.0,0.6931471805599453,-0.06709936703179553,0.001162003654926691,-0.008482499756989892,0.06704925872788141,0.37739518571656305
western-bulk-chartering-west-merk,2026-09-09,1.0,1.0,0.9,0.5400000000000001,1.0,0.0,1.0,2.5125835223052495,1.50755011338315,,0.6000000000000002,0.6000000000000001,1.0,0.0,1.0,0.6931471805599453,0.0063328786176677365,-0.011223586384703887,0.026307682972631863,,
zaptec-zap-xosl,2026-09-09,2.0,1.0,0.8,0.56,1.0,0.0,0.0,1.9090354888959127,1.336324842227139,,0.7000000000000001,0.7000000000000001,1.0,0.0,0.0,0.6931471805599453,-0.005302587462657993,-0.009391874837178626,-0.00819686557874233,,
af-gruppen-afg-xosl,2026-09-10,1.0,1.0,0.8,0.32000000000000006,1.0,0.0,0.0,0.8,0.32000000000000006,1.8973665961010278,0.4000000000000001,0.4000000000000001,1.0,0.0,0.0,0.6931471805599453,-0.003197273067571782,-0.000347050678896732,0.025672435071479094,,
axactor-acr-xosl,2026-09-10,3.0,1.0,0.8,-0.32000000000000006,0.0,1.0,0.0,1.3545177444479564,-0.5418070977791826,5.0,-0.4000000000000001,-0.4,0.0,1.0,0.0,0.6931471805599453,0.0024837351268270913,-0.023034488048565782,-0.0627639957502204,0.7000000000000001,-1.1
dno-xosl,2026-09-10,1.0,1.0,0.8,0.4,1.0,0.0,1.0,1.6788898309344877,0.8394449154672439,0.858116330321033,0.5,0.5,1.0,0.0,1.0,0.6931471805599453,0.010612584817865311,0.001199894473245866,0.0036191269607507293,-0.05000000000000001,0.55
frontline-fro-xosl,2026-09-10,3.0,2.0,1.5,0.0,0.0,0.0,0.0,2.1931471805599454,0.0,0.5496276851965289,0.0,0.0,0.0,0.0,0.0,1.0986122886681096,0.029858677665437483,0.0389759887412684,0.0724240399242555,0.10000000000000002,-0.10000000000000002
grieg-seafood-gsf-xosl,2026-09-10,1.0,1.0,0.9,0.7200000000000001,1.0,0.0,0.0,1.8887510598012986,1.511000847841039,0.6210590034081188,0.8,0.8,1.0,0.0,0.0,0.6931471805599453,0.004178639993336231,-0.007353773700714994,-0.06741168544411391,0.33181818181818196,0.4681818181818181
norske-skog-nskog-xosl,2026-09-10,3.0,1.0,0.5,0.30000000000000004,1.0,0.0,0.0,0.5,0.30000000000000004,,0.6000000000000001,0.6000000000000001,1.0,0.0,0.0,0.6931471805599453,0.0183975950992592,0.0005528693770859849,0.04678786743121932,,
norwegian-air-shuttle-nas-xosl,2026-09-10,4.0,1.0,0.8,-0.4800000000000001,0.0,1.0,1.0,1.3545177444479564,-0.8127106466687739,2.603165493823874,-0.6000000000000001,-0.6000000000000001,0.0,1.0,1.0,0.6931471805599453,-0.020661218856010355,-0.00021424295606253807,-0.024499805531482455,,
orkla-ork-xosl,2026-09-10,2.0,1.0,1.0,0.0,0.0,0.0,0.0,3.0794415416798357,0.0,1.5434872662825796,0.0,0.0,0.0,0.0,0.0,0.6931471805599453,0.015164782348429773,-0.011743987889877183,-0.017828932897628325,0.594871794871795,-0.594871794871795
smartoptics-group-smop-xosl,2026-09-10,1.0,1.0,0.9,0.5400000000000001,1.0,0.0,1.0,1.523832462503951,0.9142994775023707,,0.6000000000000002,0.6000000000000001,1.0,0.0,1.0,0.6931471805599453,-0.01671158676515727,0.03943678736730716,0.06976465189891967,,
thor-medical-trmed-xosl,2026-09-10,1.0,1.0,0.5,0.0,0.0,0.0,0.0,1.4729550745276567,0.0,-0.3402176237293756,0.0,0.0,0.0,0.0,0.0,0.6931471805599453,0.001162003654926691,-0.01194981644523807,-0.01793522209871512,0.16139805515702216,-0.16139805515702216
vend-marketplaces-vend-xosl,2026-09-10,1.0,1.0,0.8,0.4,1.0,0.0,0.0,1.6788898309344877,0.8394449154672439,1.4491376746189437,0.5,0.5,1.0,0.0,0.0,0.6931471805599453,-0.011219811697636195,0.014802001075689963,0.0018657147543709174,,
zaptec-zap-xosl,2026-09-10,1.0,1.0,0.7000000000000001,-0.14,0.0,0.0,0.0,0.7000000000000001,-0.14,1.2649110640673518,-0.2,-0.2,0.0,0.0,0.0,0.6931471805599453,-0.009391874837178626,0.011054271798033977,0.0428038953913672,0.7000000000000001,-0.9000000000000001
austevoll-seafood-auss-xosl,2026-09-11,1.0,1.0,0.5,0.0,0.0,0.0,0.0,0.5,0.0,3.015113445777636,0.0,0.0,0.0,0.0,0.0,0.6931471805599453,-0.00025251820205896003,-0.007912250612581273,-0.038508200296199835,0.6000000000000001,-0.6000000000000001
autostore-auto-xosl,2026-09-11,1.0,1.0,0.8,0.0,0.0,0.0,0.0,1.3545177444479564,0.0,0.3468729675471602,0.0,0.0,0.0,0.0,0.0,0.6931471805599453,0.006378872702206051,-0.03972514441944608,-0.020262877450801686,0.2,-0.2
axactor-acr-xosl,2026-09-11,1.0,1.0,0.9,-0.7200000000000001,0.0,1.0,1.0,2.1476649250079016,-1.7181319400063213,0.6883951004425773,-0.8,-0.8,0.0,1.0,1.0,0.6931471805599453,-0.023034488048565782,-0.040889794959538706,-0.023502337411481222,0.15,-0.9500000000000001
kongsberg-gruppen-kog-xosl,2026-09-11,2.0,2.0,1.6,0.32000000000000006,0.0,0.0,2.0,2.1545177444479564,0.4309035488895913,0.3788676152120412,0.20000000000000004,0.2,0.0,0.0,1.0,1.0986122886681096,0.0018877977770892507,0.006545455116359178,0.05982242806364335,-0.21666666666666667,0.41666666666666674
leroy-seafood-group-lsg-xosl,2026-09-11,1.0,1.0,0.5,0.0,0.0,0.0,0.0,1.1931471805599454,0.0,0.7865665062071157,0.0,0.0,0.0,0.0,0.0,0.6931471805599453,0.0017801868033886503,-0.007024414889191921,-0.06262900993419218,0.75,-0.75
norbit-norbt-xosl,2026-09-11,1.0,1.0,0.6000000000000001,0.24000000000000005,1.0,0.0,0.0,1.4317766166719348,0.5727106466687739,1.2613124477737825,0.4,0.4,1.0,0.0,0.0,0.6931471805599453,0.027801484110700603,-0.020712768447696428,-0.017555515025011625,0.0,0.4
nykode-therapeutics-nykd-xosl,2026-09-11,1.0,1.0,0.8,0.16000000000000003,0.0,0.0,1.0,2.6420680743952367,0.5284136148790474,0.24709986774669504,0.20000000000000004,0.2,0.0,0.0,1.0,0.6931471805599453,-0.023700667188957247,-0.022510000284104437,0.022827217904619834,0.5000000000000001,-0.30000000000000004
orkla-ork-xosl,2026-09-11,1.0,1.0,0.5,0.15000000000000002,1.0,0.0,0.0,0.5,0.15000000000000002,0.3541071158982555,0.30000000000000004,0.30000000000000004,1.0,0.0,0.0,0.6931471805599453,-0.011743987889877183,0.010154118679743918,-0.00909131328799806,0.44615384615384623,-0.1461538461538462
sed-energy-holdings-enh-xosl,2026-09-11,2.0,2.0,1.6,1.12,2.0,0.0,1.0,5.1056213077391055,3.591786399522511,3.6978699847672343,0.7000000000000001,0.7034964371678091,1.0,0.0,0.5,1.0986122886681096,-0.01232263244151588,0.018181133804064387,0.03504614978617182,0.5,0.20000000000000007
thor-medical-trmed-xosl,2026-09-11,3.0,3.0,2.4000000000000004,1.4500000000000002,3.0,0.0,0.0,6.0043653389117155,3.751248639459019,0.6945635499155963,0.6041666666666666,0.6247535630699861,1.0,0.0,0.0,1.3862943611198906,-0.01194981644523807,0.010913187083218978,-0.02238641025670196,0.12911844412561774,0.4750482225410489
var-energi-var-xosl,2026-09-11,4.0,1.0,1.2000000000000002,0.6400000000000001,1.0,0.0,1.0,2.8635532333438687,1.9708425866750952,2.531399269503094,0.5333333333333333,0.688250724214292,1.0,0.0,1.0,0.6931471805599453,-0.004800576969204884,0.030771888467532205,0.009995894926148274,-0.10000000000000003,0.6333333333333333
veidekke-vei-xosl,2026-09-11,3.0,1.0,0.9,0.2700000000000001,1.0,0.0,1.0,1.8887510598012986,0.5666253179403897,5.0,0.3000000000000001,0.30000000000000004,1.0,0.0,1.0,0.6931471805599453,-0.003856550525387248,-0.0021641761929750425,0.0376998810689505,,
bw-lpg-bwlpg-xosl,2026-09-14,1.0,1.0,0.6000000000000001,0.0,0.0,0.0,1.0,0.6000000000000001,0.0,0.41825397400197856,0.0,0.0,0.0,0.0,1.0,0.6931471805599453,-0.007424052693503769,0.026979033694315424,0.04307190197307342,0.15000000000000002,-0.15000000000000002
cadeler-cadlr-xosl,2026-09-14,2.0,1.0,1.2000000000000002,0.36000000000000004,1.0,0.0,1.0,3.480270737862625,1.1889306334778567,3.8693955887479663,0.3,0.3416201563123296,1.0,0.0,1.0,0.6931471805599453,-0.014800554053606918,-0.01932639858969165,0.038515975774289,0.25,0.04999999999999999
circio-holding-crna-xosl,2026-09-14,7.0,1.0,0.9,0.32000000000000006,1.0,0.0,0.0,2.8879253198304005,1.1151701279321602,0.555578541146959,0.3555555555555556,0.3861492263233631,1.0,0.0,0.0,0.6931471805599453,0.050431539276303394,-0.1283349294954541,-0.18902509065794304,0.388,-0.03244444444444439
envipco-holding-envip-xosl,2026-09-14,1.0,1.0,0.8,0.4,1.0,0.0,0.0,2.5577796618689757,1.2788898309344878,,0.5,0.5,1.0,0.0,0.0,0.6931471805599453,-0.025812152552844414,0.016387943311677144,0.0009898659673952537,,
frontline-fro-xosl,2026-09-14,5.0,2.0,2.1,0.44000000000000006,1.0,0.0,1.0,2.723832462503951,0.6895329850015806,1.277156001035266,0.20952380952380953,0.2531480898673592,0.5,0.0,0.5,1.0986122886681096,0.022089868094272602,0.04891500697489981,0.0596832866649738,0.05000000000000001,0.1595238095238095
general-oceans-geno-xosl,2026-09-14,2.0,1.0,0.9,-0.6300000000000001,0.0,1.0,0.0,0.9,-0.6300000000000001,,-0.7000000000000001,-0.7000000000000001,0.0,1.0,0.0,0.6931471805599453,-0.03512334828221686,-0.02096468947235297,0.1549404368295142,,
kongsberg-gruppen-kog-xosl,2026-09-14,1.0,1.0,0.6000000000000001,0.0,0.0,0.0,0.0,0.6000000000000001,0.0,-0.36187343222787294,0.0,0.0,0.0,0.0,0.0,0.6931471805599453,0.006545455116359178,0.0070581377409877355,0.05607807534835474,-0.11249999999999999,0.11249999999999999
kongsberg-maritime-kmar-xosl,2026-09-14,2.0,1.0,0.9,0.7200000000000001,1.0,0.0,0.0,2.5125835223052495,2.0100668178441996,1.7865517256080472,0.8,0.8,1.0,0.0,0.0,0.6931471805599453,0.004411315999337195,0.0016203352033847818,0.07431815678201625,0.6666666666666666,0.13333333333333341
norbit-norbt-xosl,2026-09-14,2.0,2.0,1.5,0.6100000000000001,2.0,0.0,0.0,1.5,0.6100000000000001,3.0748596561082104,0.40666666666666673,0.40666666666666673,1.0,0.0,0.0,1.0986122886681096,-0.020712768447696428,0.0035747905541425595,0.009071953528532628,0.2,0.20666666666666672
norsk-hydro-nhy-xosl,2026-09-14,1.0,1.0,0.5,0.0,0.0,0.0,1.0,0.5,0.0,,0.0,0.0,0.0,0.0,1.0,0.6931471805599453,-0.01640323118590936,-0.019824307944477093,-0.013846240951065791,,
norwegian-air-shuttle-nas-xosl,2026-09-14,3.0,1.0,0.5,-0.15000000000000002,0.0,1.0,0.0,1.5986122886681098,-0.479583686600433,1.35400640077266,-0.30000000000000004,-0.30000000000000004,0.0,1.0,0.0,0.6931471805599453,-0.03434675426121425,-0.0068904179025411905,0.017453872690493477,-0.6000000000000001,0.30000000000000004
prosafe-prs-xosl,2026-09-14,4.0,1.0,0.9,0.6300000000000001,1.0,0.0,1.0,1.523832462503951,1.0666827237527658,3.5,0.7000000000000001,0.7000000000000001,1.0,0.0,1.0,0.6931471805599453,-0.02228161017193553,-0.02646919970141781,-0.07972990965539495,-0.03684210526315787,0.736842105263158
sed-energy-holdings-enh-xosl,2026-09-14,4.0,2.0,1.1,0.30000000000000004,1.0,0.0,0.0,1.86246189861594,0.5079441541679837,5.0,0.27272727272727276,0.27272727272727276,0.5,0.0,0.0,1.0986122886681096,0.018181133804064387,-0.005528772334358778,0.0016326904719934365,0.6000000000000001,-0.3272727272727273
zaptec-zap-xosl,2026-09-14,1.0,1.0,0.5,0.2,1.0,0.0,1.0,0.5,0.2,1.2065994998097656,0.4,0.4,1.0,0.0,1.0,0.6931471805599453,-0.045499773440836,0.024360947233855734,0.12622642319564048,0.25,0.15000000000000002
autostore-auto-xosl,2026-09-15,1.0,1.0,0.7000000000000001,0.4200000000000001,1.0,0.0,1.0,2.37852669095886,1.4271160145753161,0.40967324519935133,0.6000000000000001,0.6000000000000001,1.0,0.0,1.0,0.6931471805599453,0.008611350971344134,0.019044622262381683,0.07277258332690628,0.1,0.5000000000000001
axactor-acr-xosl,2026-09-15,1.0,1.0,0.8,-0.4800000000000001,0.0,1.0,0.0,0.8,-0.4800000000000001,0.7075675872186339,-0.6000000000000001,-0.6000000000000001,0.0,1.0,0.0,0.6931471805599453,0.017378830781212162,-0.011073955357939202,0.021278258974641417,-0.16666666666666666,-0.43333333333333346
circio-holding-crna-xosl,2026-09-15,4.0,1.0,0.8,0.6400000000000001,1.0,0.0,0.0,3.155551183333152,2.524440946666522,-0.3678890062360266,0.8000000000000002,0.8,1.0,0.0,0.0,0.6931471805599453,-0.1283349294954541,-0.027129756727472976,-0.0986711591422933,0.29911111111111116,0.5008888888888889
dno-xosl,2026-09-15,1.0,1.0,0.8,0.6400000000000001,1.0,0.0,0.0,2.356728119244251,1.8853824953954008,0.8155724192496482,0.8000000000000002,0.8,1.0,0.0,0.0,0.6931471805599453,-0.008593919487016932,0.007393857449430774,-0.02427481667572684,0.0875,0.7125000000000001
dof-group-dofg-xosl,2026-09-15,1.0,1.0,0.5,0.0,0.0,0.0,0.0,0.5,0.0,,0.0,0.0,0.0,0.0,0.0,0.6931471805599453,0.0054168002025514195,0.021688228866928227,0.013248618460923733,,
frontline-fro-xosl,2026-09-15,5.0,1.0,1.3,-0.04000000000000001,0.0,0.0,0.0,1.3,-0.04000000000000001,1.154833102588216,-0.030769230769230774,-0.030769230769230774,0.0,0.0,0.0,0.6931471805599453,0.04891500697489981,0.02314128151952799,-0.049445095174514564,0.10317460317460318,-0.13394383394383397
hunter-group-hunt-xoas,2026-09-15,2.0,1.0,0.7000000000000001,0.0,0.0,0.0,0.0,2.6832493408393514,0.0,0.777300330757555,0.0,0.0,0.0,0.0,0.0,0.6931471805599453,-0.01418602302000549,0.02553748501546038,0.09850360843988903,0.2787878787878788,-0.2787878787878788
kongsberg-gruppen-kog-xosl,2026-09-15,1.0,1.0,0.5,0.1,0.0,0.0,0.0,0.5,0.1,-0.3469889591797441,0.2,0.2,0.0,0.0,0.0,0.6931471805599453,0.0070581377409877355,0.025336348160930777,0.051533199275161534,-0.09,0.29000000000000004
kongsberg-maritime-kmar-xosl,2026-09-15,1.0,1.0,0.8,0.4800000000000001,1.0,0.0,0.0,0.8,0.4800000000000001,0.35993701653267807,0.6000000000000001,0.6000000000000001,1.0,0.0,0.0,0.6931471805599453,0.0016203352033847818,0.0026216170373984937,0.09944085394998614,0.7000000000000001,-0.09999999999999998
medistim-medi-xosl,2026-09-15,1.0,1.0,0.9,0.7200000000000001,1.0,0.0,1.0,3.208454421715383,2.5667635373723066,,0.8,0.8,1.0,0.0,1.0,0.6931471805599453,-0.025859512378449523,0.01175915208623568,0.05169552592867599,,
norconsult-norco-xosl,2026-09-15,1.0,1.0,1.0,0.7000000000000001,1.0,0.0,1.0,1.6931471805599454,1.185203026391962,,0.7000000000000001,0.7000000000000001,1.0,0.0,1.0,0.6931471805599453,0.015703824049299264,-0.004907514580430927,-0.005008852451256152,,
zaptec-zap-xosl,2026-09-15,1.0,1.0,0.6000000000000001,0.0,0.0,0.0,0.0,1.0158883083359673,0.0,1.0981599769558135,0.0,0.0,0.0,0.0,0.0,0.6931471805599453,0.024360947233855734,0.011279563667382586,0.12550788420773218,0.30000000000000004,-0.30000000000000004
2020-bulkers-2020-xosl,2026-09-16,2.0,1.0,0.6000000000000001,0.0,0.0,0.0,0.0,1.8476649250079018,0.0,,0.0,0.0,0.0,0.0,0.0,0.6931471805599453,,0.437031018780784,-0.018757226970016028,,
aker-bp-akrbp-xosl,2026-09-16,1.0,1.0,0.9,0.6300000000000001,1.0,0.0,1.0,1.523832462503951,1.0666827237527658,2.3603873774083297,0.7000000000000001,0.7000000000000001,1.0,0.0,1.0,0.6931471805599453,0.0059003750008548295,-0.02328644660274115,-0.04845837943121345,-0.30000000000000004,1.0
circio-holding-crna-xosl,2026-09-16,4.0,2.0,1.5,-0.06,0.0,0.0,1.0,5.479158881903409,-0.5921648271003355,-0.35371285240274675,-0.04,-0.10807586344249666,0.0,0.0,0.5,1.0986122886681096,-0.027129756727472976,0.03228284856576802,-0.06281200626172145,0.4391111111111112,-0.47911111111111115
cloudberry-clean-energy-cloud-xosl,2026-09-16,1.0,1.0,1.0,0.7000000000000001,1.0,0.0,1.0,1.0,0.7000000000000001,,0.7000000000000001,0.7000000000000001,1.0,0.0,1.0,0.6931471805599453,0.01091525471014032,-0.03421616836943875,-0.07834638328492971,,
frontline-fro-xosl,2026-09-16,3.0,1.0,0.5,0.25,1.0,0.0,0.0,0.5,0.25,0.38641689748864805,0.5,0.5,1.0,0.0,0.0,0.6931471805599453,0.02314128151952799,-0.0606981054057133,-0.09475154848238276,0.06968864468864469,0.43031135531135534
himalaya-shipping-hshp-xosl,2026-09-16,1.0,1.0,0.8,0.4800000000000001,1.0,0.0,1.0,0.8,0.4800000000000001,3.474396144861517,0.6000000000000001,0.6000000000000001,1.0,0.0,1.0,0.6931471805599453,0.018761107887024675,0.023054275334321916,0.001125851314509041,,
kongsberg-automotive-koa-xosl,2026-09-16,2.0,1.0,1.0,-0.2700000000000001,0.0,1.0,1.0,1.109861228866811,-0.2700000000000001,,-0.2700000000000001,-0.24327365708204357,0.0,1.0,1.0,0.6931471805599453,-0.0038839863026940424,0.03676604354719837,0.020874306840310775,,
norsk-hydro-nhy-xosl,2026-09-16,1.0,1.0,0.5,-0.30000000000000004,0.0,1.0,0.0,1.1931471805599454,-0.7158883083359674,3.474396144861517,-0.6000000000000001,-0.6000000000000001,0.0,1.0,0.0,0.6931471805599453,-0.0008838892799500897,0.013859034888671129,0.007198081022525726,0.0,-0.6000000000000001
okeanis-eco-tankers-oet-xosl,2026-09-16,1.0,1.0,0.8,0.24000000000000005,1.0,0.0,1.0,1.3545177444479564,0.40635532333438695,0.5848976518656018,0.30000000000000004,0.30000000000000004,1.0,0.0,1.0,0.6931471805599453,0.04339535748223233,-0.002442747952531299,-0.07808267714210226,0.30000000000000004,0.0
prosafe-prs-xosl,2026-09-16,3.0,2.0,1.5,0.1,0.0,0.0,0.0,1.939444915467244,0.1,1.7237832147426695,0.06666666666666667,0.051561144739142216,0.0,0.0,0.0,1.0986122886681096,0.0010095923141357765,0.01146835108282418,-0.05430649580852631,0.3315789473684211,-0.26491228070175443
thor-medical-trmed-xosl,2026-09-16,7.0,2.0,1.4,-0.33,0.0,2.0,0.0,4.997854183238232,-1.1159426579124356,2.9700889837559705,-0.23571428571428574,-0.22328435704568497,0.0,1.0,0.0,1.0986122886681096,0.024440361871888028,-0.008290718686798537,-0.010317170930270958,0.22995177745895107,-0.4656660631732368
tomra-systems-tom-xosl,2026-09-16,2.0,1.0,0.6,-0.30000000000000004,0.0,1.0,0.0,0.7098612288668109,-0.30000000000000004,1.8898223650461363,-0.5000000000000001,-0.4226178128912688,0.0,1.0,0.0,0.6931471805599453,-0.04579969101935388,0.009325069863603153,0.020011043882223967,0.8,-1.3000000000000003
autostore-auto-xosl,2026-09-17,1.0,1.0,0.5,-0.30000000000000004,0.0,1.0,1.0,1.4729550745276567,-0.8837730447165941,0.46056618647183833,-0.6000000000000001,-0.6000000000000001,0.0,1.0,1.0,0.6931471805599453,-0.003579650208169305,-0.004614056056912119,0.038325881199455125,0.26666666666666666,-0.8666666666666667
dno-xosl,2026-09-17,1.0,1.0,0.8,0.56,1.0,0.0,0.0,1.3545177444479564,0.9481624211135695,0.8334108491079611,0.7000000000000001,0.7000000000000001,1.0,0.0,0.0,0.6931471805599453,-0.024912957697911353,0.021379785159162723,0.03622144655720405,0.23000000000000004,0.47000000000000003
kongsberg-gruppen-kog-xosl,2026-09-17,3.0,2.0,1.5,0.7200000000000001,1.0,0.0,1.0,2.7476649250079017,1.7181319400063213,1.2881223774390613,0.48000000000000004,0.6253062097815222,0.5,0.0,0.5,1.0986122886681096,0.01528596710028296,0.005596519945082701,-0.0030449710802121777,-0.059999999999999984,0.54
kongsberg-maritime-kmar-xosl,2026-09-17,6.0,2.0,1.5,0.7200000000000002,2.0,0.0,0.0,4.189891626271986,2.0941454484833546,5.0,0.48000000000000015,0.49980897724236595,1.0,0.0,0.0,1.0986122886681096,0.022014193689775974,0.0076743264905099196,0.03455022501739524,0.68,-0.1999999999999999
mpc-container-ships-mpcc-xosl,2026-09-17,1.0,1.0,0.9,-0.5400000000000001,0.0,1.0,1.0,1.8887510598012986,-1.1332506358807795,0.9486832980505138,-0.6000000000000002,-0.6000000000000001,0.0,1.0,1.0,0.6931471805599453,0.018570261912910224,0.00759569641666491,0.039116405435199675,0.5333333333333334,-1.1333333333333337
norske-skog-nskog-xosl,2026-09-17,1.0,1.0,0.85,0.255,1.0,0.0,1.0,2.9621706523198004,0.8886511956959402,1.0327955589886444,0.3,0.30000000000000004,1.0,0.0,1.0,0.6931471805599453,-0.0005607749095875025,0.018306783918231706,-0.11055329492299837,0.6000000000000001,-0.3000000000000001
orkla-ork-xosl,2026-09-17,1.0,1.0,0.6000000000000001,0.24000000000000005,1.0,0.0,0.0,0.6000000000000001,0.24000000000000005,0.43943537440204117,0.4,0.4,1.0,0.0,0.0,0.6931471805599453,-0.0006932745600518597,-0.0030063682802469183,0.04202831496084658,0.41692307692307695,-0.01692307692307693
panoro-energy-pen-xosl,2026-09-17,1.0,1.0,0.7000000000000001,0.4200000000000001,1.0,0.0,0.0,0.7000000000000001,0.4200000000000001,0.8334108491079611,0.6000000000000001,0.6000000000000001,1.0,0.0,0.0,0.6931471805599453,-0.023286082260667085,0.01532487471806554,-0.006660268856230944,,
reach-subsea-reach-xosl,2026-09-17,1.0,1.0,0.8,0.16000000000000003,0.0,0.0,0.0,1.3545177444479564,0.2709035488895913,,0.20000000000000004,0.2,0.0,0.0,0.0,0.6931471805599453,-0.0031666926090681002,-1.3203537855721592e-05,0.005476527107686091,,
aker-bp-akrbp-xosl,2026-09-18,2.0,1.0,0.6000000000000001,0.4200000000000001,1.0,0.0,1.0,1.7675460894331882,1.2372822626032318,4.4962591288588065,0.7000000000000001,0.7000000000000001,1.0,0.0,1.0,0.6931471805599453,-0.025543261346007484,-0.0046341538189044185,-0.0007644851259573926,0.2,0.5
alng-xoas,2026-09-18,1.0,1.0,0.5,-0.2,0.0,1.0,0.0,0.5,-0.2,,-0.4,-0.4,0.0,1.0,0.0,0.6931471805599453,0.005918876943358242,0.004661586442979426,0.04472404740056368,,
bw-lpg-bwlpg-xosl,2026-09-18,1.0,1.0,0.5,0.30000000000000004,1.0,0.0,0.0,1.1931471805599454,0.7158883083359674,0.49041866930632694,0.6000000000000001,0.6000000000000001,1.0,0.0,0.0,0.6931471805599453,0.006542787729628907,-0.004354794492439362,-0.03863644971993707,0.10000000000000002,0.5000000000000001
cadeler-cadlr-xosl,2026-09-18,1.0,1.0,0.6000000000000001,0.0,0.0,0.0,0.0,1.8476649250079018,0.0,1.1418753479889248,0.0,0.0,0.0,0.0,0.0,0.6931471805599453,0.00816247646822299,0.022176168990068246,-0.06132875175428443,0.26666666666666666,-0.26666666666666666
capital-tankers-corp-capt-merk,2026-09-18,2.0,2.0,1.0,0.0,0.0,0.0,0.0,1.0,0.0,2.3717082451262845,0.0,0.0,0.0,0.0,0.0,1.0986122886681096,-0.0016697316813364393,-0.019271155790496874,-0.07846448027922304,0.32456140350877194,-0.32456140350877194
dno-xosl,2026-09-18,1.0,1.0,0.9,0.7200000000000001,1.0,0.0,1.0,0.9,0.7200000000000001,0.7905694150420948,0.8,0.8,1.0,0.0,1.0,0.6931471805599453,0.021379785159162723,-0.026938862726910817,0.00013231033074478926,0.33000000000000007,0.47
elmera-group-elmra-xosl,2026-09-18,1.0,1.0,0.8,0.0,0.0,0.0,0.0,1.3545177444479564,0.0,3.75,0.0,0.0,0.0,0.0,0.0,0.6931471805599453,0.020913439965111524,0.006802881357056756,0.01962089003044787,,
frontline-fro-xosl,2026-09-18,2.0,1.0,0.5,0.0,0.0,0.0,0.0,1.3047189562170503,0.0,0.044998200107992804,0.0,0.0,0.0,0.0,0.0,0.6931471805599453,0.030890521078497435,0.017434582497761864,-0.04271426491142849,0.15575091575091576,-0.15575091575091576
grieg-seafood-gsf-xosl,2026-09-18,2.0,2.0,1.5,-2.7755575615628914e-17,0.0,1.0,0.0,4.60352751217805,-0.1247664925007903,2.127457675005639,-1.850371707708594e-17,-0.027102367080621616,0.0,0.5,0.0,1.0986122886681096,-0.013695906193629037,-0.008949308625814001,0.046936723285881166,0.48787878787878797,-0.48787878787878797
hunter-group-hunt-xoas,2026-09-18,4.0,3.0,2.5,1.6,3.0,0.0,1.0,8.496546406445386,5.348726211325814,2.3241742005034207,0.64,0.6295176834752917,1.0,0.0,0.3333333333333333,1.3862943611198906,0.04587216773002123,0.0899125858492148,-0.0899235479542898,0.2090909090909091,0.4309090909090909
kongsberg-gruppen-kog-xosl,2026-09-18,1.0,1.0,0.9,0.45,1.0,0.0,1.0,2.1476649250079016,1.0738324625039508,-0.3952847075210474,0.5,0.5,1.0,0.0,1.0,0.6931471805599453,0.005596519945082701,0.0028011024010705654,-0.013099985370352174,0.136,0.364
nordic-semiconductor-nod-xosl,2026-09-18,2.0,1.0,0.5,0.0,0.0,0.0,0.0,1.3958797346140275,0.0,2.0539595906443733,0.0,0.0,0.0,0.0,0.0,0.6931471805599453,0.0061868083218539205,0.03001369911903573,0.056136519715227706,0.5,-0.5
protector-forsikring-prot-xosl,2026-09-18,1.0,1.0,0.5,0.1,0.0,0.0,0.0,0.5,0.1,3.7500000000000004,0.2,0.2,0.0,0.0,0.0,0.6931471805599453,0.01302081440216718,-0.012710324009066687,-0.03069684585897281,0.8,-0.6000000000000001
smartoptics-group-smop-xosl,2026-09-18,1.0,1.0,0.8,0.0,0.0,0.0,0.0,1.6788898309344877,0.0,2.5617376914899,0.0,0.0,0.0,0.0,0.0,0.6931471805599453,0.04086827616566613,0.020105587385901846,-0.03760026401063421,0.6000000000000002,-0.6000000000000002
autostore-auto-xosl,2026-09-21,1.0,1.0,0.6000000000000001,0.0,0.0,0.0,0.0,0.6000000000000001,0.0,0.5028452845140673,0.0,0.0,0.0,0.0,0.0,0.6931471805599453,0.036199006535944434,0.02572266079366159,0.005196266149048445,0.04999999999999999,-0.04999999999999999
cloudberry-clean-energy-cloud-xosl,2026-09-21,2.0,1.0,0.7000000000000001,-0.21000000000000005,0.0,1.0,0.0,1.4690286020676768,-0.4407085806203031,5.0,-0.30000000000000004,-0.30000000000000004,0.0,1.0,0.0,0.6931471805599453,0.001271759222092217,-0.004436894520353563,-0.026483472348701187,0.7000000000000001,-1.0
end-r-endur-xosl,2026-09-21,3.0,1.0,0.9,0.36000000000000004,1.0,0.0,0.0,1.8887510598012986,0.7555004239205195,5.0,0.4,0.4,1.0,0.0,0.0,0.6931471805599453,0.01987077037767848,0.026538391433807318,0.03268485582179548,-0.4,0.8
grieg-seafood-gsf-xosl,2026-09-21,2.0,2.0,1.6,-0.15999999999999998,1.0,1.0,0.0,1.6,-0.15999999999999998,1.825011832730391,-0.09999999999999998,-0.09999999999999998,0.5,0.5,0.0,1.0986122886681096,-0.008949308625814001,0.022735410996353123,0.05105044190849317,0.36590909090909096,-0.46590909090909094
hafnia-hafni-xosl,2026-09-21,2.0,1.0,0.9,0.09000000000000001,0.0,0.0,0.0,2.6513191341497824,0.26513191341497827,1.748949264390412,0.1,0.10000000000000002,0.0,0.0,0.0,0.6931471805599453,0.013181239364846609,-0.060347385604374804,-0.0705766051397434,0.20000000000000004,-0.10000000000000003
hexagon-composites-hex-xosl,2026-09-21,1.0,1.0,0.8,0.0,0.0,0.0,0.0,2.6420680743952367,0.0,1.028991510855053,0.0,0.0,0.0,0.0,0.0,0.6931471805599453,0.02053458669774655,0.04469149976421449,-0.019820963037638695,0.1,-0.1
himalaya-shipping-hshp-xosl,2026-09-21,1.0,1.0,0.8,0.32000000000000006,1.0,0.0,0.0,1.6788898309344877,0.6715559323737952,2.656844656620286,0.4000000000000001,0.4000000000000001,1.0,0.0,0.0,0.6931471805599453,0.023677211937684572,-0.049720525738685795,-0.09112014734048912,0.6000000000000001,-0.2
kitron-kit-xosl,2026-09-21,1.0,1.0,0.5,0.0,0.0,0.0,0.0,0.5,0.0,0.4383570037596047,0.0,0.0,0.0,0.0,0.0,0.6931471805599453,0.006189875017069135,0.005083817556301717,-0.004771752489893921,0.5616892911010559,-0.5616892911010559
klaveness-combination-carriers-kcc-xosl,2026-09-21,1.0,1.0,0.5,0.0,0.0,0.0,0.0,1.0493061443340548,0.0,3.8805700005813275,0.0,0.0,0.0,0.0,0.0,0.6931471805599453,0.014408175281888869,-0.021029971625007193,-0.02003991674726413,,
kongsberg-automotive-koa-xosl,2026-09-21,2.0,2.0,1.3,0.16000000000000003,0.0,0.0,2.0,2.9583416332299675,0.38180709777918254,3.8805700005813275,0.1230769230769231,0.12906119208494493,0.0,0.0,1.0,1.0986122886681096,0.002180140199503522,-0.0009085805444738471,-0.0045864171189538006,-0.2700000000000001,0.39307692307692316
kongsberg-maritime-kmar-xosl,2026-09-21,2.0,1.0,0.8,0.16000000000000003,0.0,0.0,1.0,1.3545177444479564,0.2709035488895913,0.6968322048875559,0.20000000000000004,0.2,0.0,0.0,1.0,0.6931471805599453,0.040387684360947085,0.02674303237135467,-0.012411009181610977,0.636,-0.43599999999999994
leroy-seafood-group-lsg-xosl,2026-09-21,1.0,1.0,0.8,0.4,1.0,0.0,1.0,1.6788898309344877,0.8394449154672439,1.0289915108550527,0.5,0.5,1.0,0.0,1.0,0.6931471805599453,-0.008904246288454987,0.020765956715508738,0.0673122598210556,0.5,0.0
okeanis-eco-tankers-oet-xosl,2026-09-21,3.0,2.0,1.6,0.44000000000000006,1.0,0.0,2.0,3.6993842441495253,0.7311218158351771,3.0889451516822732,0.275,0.1976333810123742,0.5,0.0,1.0,1.0986122886681096,-0.0015112530631934407,-0.07170985840293553,-0.04878701584140965,0.30000000000000004,-0.025000000000000022
orkla-ork-xosl,2026-09-21,1.0,1.0,0.9,0.7200000000000001,1.0,0.0,0.0,1.523832462503951,1.219065970003161,0.40955392868445734,0.8,0.8000000000000002,1.0,0.0,0.0,0.6931471805599453,0.030061866341905996,0.019683174561874184,0.006347787836529228,0.37692307692307697,0.4230769230769231
paratus-energy-services-plsv-xosl,2026-09-21,2.0,2.0,1.7000000000000002,1.29,2.0,0.0,1.0,3.2432688042492552,2.512586600489943,5.0,0.7588235294117647,0.7747080961029226,1.0,0.0,0.5,1.0986122886681096,-0.008286650927542216,-0.01813322861814759,-0.023290666316575503,0.25,0.5088235294117647
var-energi-var-xosl,2026-09-21,3.0,1.0,1.1,0.06000000000000001,0.0,0.0,0.0,2.5675002340795032,0.16750556815368334,1.2052071675912568,0.05454545454545455,0.06524072166783548,0.0,0.0,0.0,0.6931471805599453,-0.0269369411973035,-0.006681974802852375,-0.0022432145035558015,0.21666666666666665,-0.1621212121212121
zaptec-zap-xosl,2026-09-21,2.0,1.0,0.8,-0.16000000000000003,0.0,0.0,1.0,0.8,-0.16000000000000003,2.716399000406929,-0.20000000000000004,-0.20000000000000004,0.0,0.0,1.0,0.6931471805599453,0.034913674460803734,0.023642408245947433,0.022822226907114773,0.22500000000000003,-0.42500000000000004
2020-bulkers-2020-xosl,2026-09-22,2.0,1.0,1.1,-0.32999999999999996,0.0,1.0,0.0,2.7125835223052497,-1.1362917611526246,1.49340361280408,-0.29999999999999993,-0.41889650652561794,0.0,1.0,0.0,0.6931471805599453,0.2558847625456535,-0.10130084461950417,-0.11754707330303904,0.0,-0.29999999999999993
bw-lpg-bwlpg-xosl,2026-09-22,2.0,1.0,0.7,0.26,1.0,0.0,0.0,0.9772588722239781,0.2045482255552044,1.688253065360289,0.37142857142857144,0.209308128448819,1.0,0.0,0.0,0.6931471805599453,-0.024055888372663814,-0.014223450594675557,0.01487770684233225,0.22500000000000003,0.1464285714285714
circio-holding-crna-xosl,2026-09-22,4.0,2.0,1.4000000000000001,0.24000000000000005,1.0,0.0,0.0,2.9249237972318802,0.5727106466687739,-0.19658719727857232,0.17142857142857146,0.1958036128020777,0.5,0.0,0.0,1.0986122886681096,-0.037980997979804365,0.008729396153098867,0.07115840942528795,0.29111111111111115,-0.1196825396825397
kitron-kit-xosl,2026-09-22,1.0,1.0,0.8,0.56,1.0,0.0,1.0,1.9090354888959127,1.336324842227139,0.4243455834960444,0.7000000000000001,0.7000000000000001,1.0,0.0,1.0,0.6931471805599453,0.005083817556301717,0.016339626516540195,0.002797620297450898,0.4212669683257919,0.27873303167420815
leroy-seafood-group-lsg-xosl,2026-09-22,1.0,1.0,0.9,0.18000000000000002,0.0,0.0,1.0,0.9,0.18000000000000002,0.9718253158075502,0.2,0.2,0.0,0.0,1.0,0.6931471805599453,0.020765956715508738,0.02718263196008419,0.04265367961212341,0.5,-0.3
norwegian-air-shuttle-nas-xosl,2026-09-22,1.0,1.0,0.8,0.6400000000000001,1.0,0.0,0.0,0.8,0.6400000000000001,0.08126811554666818,0.8000000000000002,0.8000000000000002,1.0,0.0,0.0,0.6931471805599453,0.05127506085793243,-0.036536615286566376,-0.02082995692563483,-0.45000000000000007,1.2500000000000002
okea-xosl,2026-09-22,1.0,1.0,0.5,0.15000000000000002,1.0,0.0,1.0,0.5,0.15000000000000002,2.173067468400883,0.30000000000000004,0.30000000000000004,1.0,0.0,1.0,0.6931471805599453,0.025973815028373037,0.006139783344054295,0.021998070077913212,0.2,0.10000000000000003
panoro-energy-pen-xosl,2026-09-22,2.0,1.0,0.8,0.0,0.0,0.0,1.0,0.8,0.0,2.5264880293506455,0.0,0.0,0.0,0.0,1.0,0.6931471805599453,-0.027081026885422355,0.02816852177799911,0.03050969102609602,0.6000000000000001,-0.6000000000000001
protector-forsikring-prot-xosl,2026-09-22,1.0,1.0,0.6000000000000001,-0.30000000000000004,0.0,1.0,1.0,1.0158883083359673,-0.5079441541679837,2.748737083745107,-0.5,-0.5,0.0,1.0,1.0,0.6931471805599453,-0.00953273521649467,-0.02463959713113395,-0.003965510842320996,0.5,-1.0
sed-energy-holdings-enh-xosl,2026-09-22,1.0,1.0,0.7000000000000001,-0.35000000000000003,0.0,1.0,0.0,1.4690286020676768,-0.7345143010338384,0.0,-0.5,-0.5,0.0,1.0,0.0,0.6931471805599453,-0.1231323883844776,0.013498887555595807,-0.01746591854076851,0.49090909090909096,-0.990909090909091
circio-holding-crna-xosl,2026-09-23,4.0,3.0,2.3,0.6900000000000001,2.0,0.0,1.0,6.407913372321053,2.083632363926841,-0.19143386381701272,0.30000000000000004,0.32516550128893434,0.6666666666666666,0.0,0.3333333333333333,1.3862943611198906,0.008729396153098867,-0.020866661497765615,0.06079584896781487,0.37739682539682545,-0.07739682539682541
envipco-holding-envip-xosl,2026-09-23,2.0,2.0,1.85,0.9400000000000002,1.0,0.0,1.0,5.2851207633522455,2.9394976556770556,5.0,0.5081081081081081,0.5561836308566375,0.5,0.0,0.5,1.0986122886681096,0.09048968682721814,-0.019504812692490492,0.11186139174286347,0.5,0.008108108108108136
kitron-kit-xosl,2026-09-23,1.0,1.0,0.7000000000000001,0.56,1.0,0.0,0.0,0.7000000000000001,0.56,0.4116064869693524,0.8,0.8,1.0,0.0,0.0,0.6931471805599453,0.016339626516540195,-0.02055385446067115,-0.008247751076592591,0.47701357466063354,0.3229864253393665
link-mobility-group-holding-link-xosl,2026-09-23,2.0,1.0,1.2000000000000002,0.76,1.0,0.0,0.0,2.9528106538695527,1.858212424713959,3.526648120179096,0.6333333333333332,0.6293029396513583,1.0,0.0,0.0,0.6931471805599453,0.015625645601534566,0.026082991375038,-0.01176369997896276,0.6000000000000001,0.033333333333333104
protector-forsikring-prot-xosl,2026-09-23,6.0,4.0,2.8000000000000003,0.12000000000000002,1.0,2.0,1.0,6.158910788700108,0.577477139169564,5.0,0.042857142857142864,0.09376286797806428,0.25,0.5,0.25,1.6094379124341003,-0.02463959713113395,0.01883462082284537,0.014306845653221378,0.16666666666666666,-0.12380952380952379
sed-energy-holdings-enh-xosl,2026-09-23,3.0,2.0,1.8,0.9000000000000001,1.0,0.0,1.0,5.697660006257697,3.2695290500014176,1.5491933384829668,0.5000000000000001,0.5738371623456855,0.5,0.0,0.5,1.0986122886681096,0.013498887555595807,-0.04291235436578833,-0.0164191829384438,0.24318181818181822,0.2568181818181819
frontline-fro-xosl,2026-09-24,1.0,1.0,0.5,0.15000000000000002,1.0,0.0,1.0,1.4729550745276567,0.44188652235829706,-0.36144869800612445,0.30000000000000004,0.30000000000000004,1.0,0.0,1.0,0.6931471805599453,0.026674909795607382,-0.004445210551868972,0.07290132073525457,0.13575091575091575,0.1642490842490843
norwegian-air-shuttle-nas-xosl,2026-09-24,1.0,1.0,0.6000000000000001,0.0,0.0,0.0,0.0,0.6000000000000001,0.0,0.11460209663437834,0.0,0.0,0.0,0.0,0.0,0.6931471805599453,-0.016733909007030978,0.02690870011504909,0.023891631039436256,-0.033333333333333326,0.033333333333333326
okeanis-eco-tankers-oet-xosl,2026-09-24,1.0,1.0,0.9,0.36000000000000004,1.0,0.0,1.0,0.9,0.36000000000000004,0.42538497969766276,0.4,0.4,1.0,0.0,1.0,0.6931471805599453,0.02732647741629446,-0.006705130293560013,0.08302026758789538,0.29375,0.10625000000000001
solstad-offshore-soff-xosl,2026-09-24,1.0,1.0,0.8,0.56,1.0,0.0,1.0,1.3545177444479564,0.9481624211135695,1.5292029095125141,0.7000000000000001,0.7000000000000001,1.0,0.0,1.0,0.6931471805599453,0.028255240655643776,0.0038594591592046035,-0.02713880581882111,,
telenor-tel-xosl,2026-09-24,2.0,1.0,0.8,0.0,0.0,0.0,0.0,0.8,0.0,3.9391200370979638,0.0,0.0,0.0,0.0,0.0,0.6931471805599453,0.010178817430387177,0.005832796533131623,0.005803979930417258,-0.6000000000000002,0.6000000000000002
thor-medical-trmed-xosl,2026-09-24,2.0,1.0,0.9,0.6300000000000001,1.0,0.0,1.0,2.6513191341497824,1.8559233939048478,0.12202574372509041,0.7000000000000001,0.7000000000000001,1.0,0.0,1.0,0.6931471805599453,-0.006519835555910514,-0.0031827178801128175,-0.01185780784373458,0.16963818860877683,0.5303618113912232
vend-marketplaces-vend-xosl,2026-09-24,2.0,1.0,1.1,0.6000000000000001,1.0,0.0,0.0,1.723832462503951,1.0990659700031609,3.939120037097964,0.5454545454545455,0.6375712222095608,1.0,0.0,0.0,0.6931471805599453,-0.02980071717747701,0.004692859559403129,0.013727958053971312,0.5,0.045454545454545525
gjensidige-forsikring-gjf-xosl,2026-09-25,1.0,1.0,0.9,-0.5400000000000001,0.0,1.0,1.0,2.9723265836946413,-1.783395950216785,2.9240383034426896,-0.6000000000000002,-0.6000000000000001,0.0,1.0,1.0,0.6931471805599453,0.006610448934136426,0.005181602594632295,-0.0008840482920312587,,
pareto-bank-parb-xosl,2026-09-25,1.0,1.0,0.9,-0.7200000000000001,0.0,1.0,0.0,1.523832462503951,-1.219065970003161,,-0.8,-0.8000000000000002,0.0,1.0,0.0,0.6931471805599453,0.008431914714496336,-0.009248986079238741,-0.028828638753632507,,
axactor-acr-xosl,2026-09-28,1.0,1.0,0.9,-0.45,0.0,1.0,0.0,2.3484941211906905,-1.1742470605953452,0.9553769402906978,-0.5,-0.5,0.0,1.0,0.0,0.6931471805599453,-0.0024580625934176314,0.017438040663016463,-0.14223101137832872,-0.275,-0.22499999999999998
norsk-hydro-nhy-xosl,2026-09-28,1.0,1.0,0.9,0.5400000000000001,1.0,0.0,1.0,2.3484941211906905,1.4090964727144144,2.924038303442689,0.6000000000000002,0.6000000000000001,1.0,0.0,1.0,0.6931471805599453,-0.0002714765479892023,0.0039810876509129844,-0.00699042332655575,-0.30000000000000004,0.9000000000000002
storebrand-stb-xosl,2026-09-28,1.0,1.0,0.8,0.32000000000000006,1.0,0.0,0.0,1.9090354888959127,0.7636141955583651,1.949358868961793,0.4000000000000001,0.4,1.0,0.0,0.0,0.6931471805599453,-0.003553967859967644,0.005457045228038915,0.0008387639964734239,,
hexagon-composites-hex-xosl,2026-09-29,1.0,1.0,1.0,0.0,0.0,0.0,1.0,2.386294361119891,0.0,1.0655354774283852,0.0,0.0,0.0,0.0,1.0,0.6931471805599453,0.025116546346101276,0.008864379360748242,0.01463296697007932,0.06666666666666667,-0.06666666666666667
moreld-morld-xosl,2026-09-29,3.0,3.0,1.9,0.5400000000000001,1.0,0.0,1.0,4.301506493248658,0.9142994775023707,4.513381292005241,0.2842105263157896,0.2125533179915899,0.3333333333333333,0.0,0.3333333333333333,1.3862943611198906,-0.009815651823640192,-0.023335562607717852,0.020094303749669473,0.3333333333333333,-0.049122807017543735
capital-tankers-corp-capt-merk,2026-09-30,1.0,1.0,0.8,-0.4,0.0,1.0,0.0,1.6788898309344877,-0.8394449154672439,0.8013605748660966,-0.5,-0.5,0.0,1.0,0.0,0.6931471805599453,0.012877131630430916,0.03538359065004393,0.11406746084454555,0.24342105263157895,-0.743421052631579
dnb-bank-dnb-xosl,2026-09-30,1.0,1.0,0.5,0.0,0.0,0.0,0.0,1.1931471805599454,0.0,,0.0,0.0,0.0,0.0,0.0,0.6931471805599453,-0.012647845806367908,-0.012225280213586265,-0.011110174607311674,,
hunter-group-hunt-xoas,2026-09-30,1.0,1.0,0.5,0.2,1.0,0.0,1.0,2.7033596236321267,1.0813438494528507,-0.31416762834719086,0.4,0.4,1.0,0.0,1.0,0.6931471805599453,0.06351703345784931,-0.04983661286637675,0.09709000586851924,0.2952727272727273,0.10472727272727272
mpc-container-ships-mpcc-xosl,2026-09-30,2.0,1.0,1.3,0.9200000000000002,1.0,0.0,1.0,5.168924731809861,3.6030613209096716,3.9391200370979638,0.7076923076923077,0.6970620598779905,1.0,0.0,1.0,0.6931471805599453,0.016940150658743325,0.0011137673356929056,-0.010342037917651759,0.25,0.45769230769230773
okea-xosl,2026-09-30,1.0,1.0,0.8,-0.24000000000000005,0.0,1.0,1.0,0.8,-0.24000000000000005,2.32020114070598,-0.30000000000000004,-0.30000000000000004,0.0,1.0,1.0,0.6931471805599453,-0.007321939121664678,0.0023846384660921593,0.04525773143936418,0.25,-0.55
thor-medical-trmed-xosl,2026-09-30,2.0,1.0,0.6000000000000001,0.24000000000000005,1.0,0.0,0.0,0.6000000000000001,0.24000000000000005,0.07473008255318779,0.4,0.4,1.0,0.0,0.0,0.6931471805599453,-0.008700597745848748,0.005318271655695206,0.007598747488392177,0.3025793650793651,0.09742063492063491
af-gruppen-afg-xosl,2026-10-01,1.0,1.0,0.8,-0.08000000000000002,0.0,0.0,1.0,0.8,-0.08000000000000002,1.949358868961793,-0.10000000000000002,-0.10000000000000002,0.0,0.0,1.0,0.6931471805599453,0.001545667925329397,0.0024108502655380004,-0.044208744219701446,0.4000000000000001,-0.5000000000000001
aker-bp-akrbp-xosl,2026-10-01,1.0,1.0,0.5,0.25,1.0,0.0,0.0,0.5,0.25,1.3633398887195787,0.5,0.5,1.0,0.0,0.0,0.6931471805599453,0.011318743722262159,-0.010923738832102292,0.020270836746666743,0.3666666666666667,0.1333333333333333
blue-nord-bnor-xosl,2026-10-01,1.0,1.0,0.8,0.0,0.0,0.0,0.0,2.233407575382444,0.0,1.4888474289418194,0.0,0.0,0.0,0.0,0.0,0.6931471805599453,0.013955636783037795,-0.016727862743577737,0.02532584240792579,0.3352941176470588,-0.3352941176470588
cadeler-cadlr-xosl,2026-10-01,1.0,1.0,0.7000000000000001,0.21000000000000005,1.0,0.0,0.0,0.7000000000000001,0.21000000000000005,1.5292029095125146,0.30000000000000004,0.30000000000000004,1.0,0.0,0.0,0.6931471805599453,3.676887978454335e-05,0.027292310021542532,-0.0013682857738807064,0.2,0.10000000000000003
dnb-bank-dnb-xosl,2026-10-01,1.0,1.0,0.9500000000000001,0.38000000000000006,1.0,0.0,1.0,0.9500000000000001,0.38000000000000006,4.2485291572496005,0.4,0.4,1.0,0.0,1.0,0.6931471805599453,-0.012225280213586265,-0.003364224846932551,-0.010137940751396401,0.0,0.4
envipco-holding-envip-xosl,2026-10-01,1.0,1.0,0.6000000000000001,0.0,0.0,0.0,0.0,0.6000000000000001,0.0,1.5292029095125141,0.0,0.0,0.0,0.0,0.0,0.6931471805599453,-0.01777439635231759,-0.00013007232260986434,0.05482242862579689,0.5040540540540541,-0.5040540540540541
kongsberg-automotive-koa-xosl,2026-10-01,1.0,1.0,0.8,0.16000000000000003,0.0,0.0,0.0,2.5577796618689757,0.5115559323737952,1.299572579307862,0.20000000000000004,0.2,0.0,0.0,0.0,0.6931471805599453,-0.010585387533042834,-0.005738464091333162,-0.023575977009848592,-0.0734615384615385,0.27346153846153853
kongsberg-gruppen-kog-xosl,2026-10-01,1.0,1.0,1.0,0.6000000000000001,1.0,0.0,1.0,3.4849066497880004,2.0909439898728004,-0.20686418924693756,0.6000000000000001,0.6000000000000001,1.0,0.0,1.0,0.6931471805599453,-0.017584240468628165,-0.013953309918846912,-0.05988568789267412,0.276,0.32400000000000007
okeanis-eco-tankers-oet-xosl,2026-10-01,1.0,1.0,0.9,-0.36000000000000004,0.0,1.0,0.0,0.9,-0.36000000000000004,0.42538497969766276,-0.4,-0.4,0.0,1.0,0.0,0.6931471805599453,0.03563158463962535,0.016032645137332935,0.11394287521110591,0.31500000000000006,-0.7150000000000001
panoro-energy-pen-xosl,2026-10-01,1.0,1.0,0.8,0.4,1.0,0.0,1.0,1.3545177444479564,0.6772588722239782,1.1070557886050592,0.5,0.5,1.0,0.0,1.0,0.6931471805599453,0.0019625754773877624,-0.009474137307327268,0.02611317646236888,0.30000000000000004,0.19999999999999996
sed-energy-holdings-enh-xosl,2026-10-01,2.0,2.0,1.3,-0.4,0.0,1.0,1.0,2.5254634212144604,-0.8394449154672439,0.6747780700252359,-0.3076923076923077,-0.3323924268376718,0.0,0.5,0.5,1.0986122886681096,0.0291464059167319,-0.007347016856501298,-0.017521749166387934,0.2945454545454546,-0.6022377622377624
tomra-systems-tom-xosl,2026-10-01,1.0,1.0,0.8,-0.56,0.0,1.0,1.0,1.9090354888959127,-1.336324842227139,0.5305482838361476,-0.7000000000000001,-0.7000000000000001,0.0,1.0,1.0,0.6931471805599453,-0.00442645694112398,0.005025974080107298,-0.009821892906004437,0.14999999999999997,-0.8500000000000001
vend-marketplaces-vend-xosl,2026-10-01,2.0,2.0,1.4000000000000001,0.14,1.0,1.0,0.0,2.833407575382444,0.7133630301529776,3.1811264070123504,0.1,0.25176859000127794,0.5,0.5,0.0,1.0986122886681096,-0.011174881740999787,0.002104246050682601,-0.06076737610717631,0.5227272727272727,-0.42272727272727273
2020-bulkers-2020-xosl,2026-10-02,1.0,1.0,0.9,0.0,0.0,0.0,1.0,0.9,0.0,0.3212710344947417,0.0,0.0,0.0,0.0,1.0,0.6931471805599453,0.08162003804286577,0.06299959222680918,,-0.14999999999999997,0.14999999999999997
af-gruppen-afg-xosl,2026-10-02,1.0,1.0,0.5,0.0,0.0,0.0,0.0,1.0493061443340548,0.0,1.949358868961793,0.0,0.0,0.0,0.0,0.0,0.6931471805599453,0.0024108502655380004,-0.020447124741115652,,0.15000000000000002,-0.15000000000000002
autostore-auto-xosl,2026-10-02,1.0,1.0,0.9,0.7200000000000001,1.0,0.0,1.0,3.395329850015803,2.7162638800126424,0.5877538136452588,0.8,0.8,1.0,0.0,1.0,0.6931471805599453,0.024360689747070285,-0.023538939749376597,,0.039999999999999994,0.76
bakkafrost-bakka-xosl,2026-10-02,1.0,1.0,0.9,-0.36000000000000004,0.0,1.0,0.0,0.9,-0.36000000000000004,,-0.4,-0.4,0.0,1.0,0.0,0.6931471805599453,0.005631382345181235,-0.009439410367779733,,-0.2,-0.2
blue-nord-bnor-xosl,2026-10-02,1.0,1.0,0.6000000000000001,0.4800000000000001,1.0,0.0,0.0,0.6000000000000001,0.4800000000000001,1.3282641733803235,0.8,0.8,1.0,0.0,0.0,0.6931471805599453,-0.016727862743577737,0.013906043746571228,,0.1676470588235294,0.6323529411764707
mpc-container-ships-mpcc-xosl,2026-10-02,2.0,1.0,0.5,0.25,1.0,0.0,0.0,0.5,0.25,2.67449830369559,0.5,0.5,1.0,0.0,0.0,0.6931471805599453,0.002130335617437362,-1.2225469812943146e-05,,0.34153846153846157,0.15846153846153843
napatech-napa-xosl,2026-10-02,1.0,1.0,0.8,0.0,0.0,0.0,0.0,2.0875503299472804,0.0,1.9493588689617931,0.0,0.0,0.0,0.0,0.0,0.6931471805599453,0.008873777449603049,-0.03541304820614388,,,
nordic-semiconductor-nod-xosl,2026-10-02,1.0,1.0,0.5,-0.05,0.0,0.0,0.0,1.0493061443340548,-0.10493061443340548,0.8722960930404592,-0.1,-0.1,0.0,0.0,0.0,0.6931471805599453,0.012328253418567137,-0.004197236918219827,,0.25,-0.35
okeanis-eco-tankers-oet-xosl,2026-10-02,1.0,1.0,0.8,-0.4,0.0,1.0,1.0,1.9090354888959127,-0.9545177444479563,0.37501258790554387,-0.5,-0.5,0.0,1.0,1.0,0.6931471805599453,0.016032645137332935,0.02123313677362848,,0.195,-0.6950000000000001
protector-forsikring-prot-xosl,2026-10-02,2.0,1.0,1.0,-0.08000000000000002,0.0,0.0,0.0,2.1211604132592,-0.13545177444479564,1.0748978581267177,-0.08000000000000002,-0.0638573931505122,0.0,0.0,0.0,0.6931471805599453,0.009758682467770896,-0.002079746661954429,,0.13571428571428573,-0.21571428571428575
salmon-evolution-salme-xosl,2026-10-02,1.0,1.0,0.7000000000000001,-0.4200000000000001,0.0,1.0,0.0,1.185203026391962,-0.7111218158351773,0.0,-0.6000000000000001,-0.6000000000000001,0.0,1.0,0.0,0.6931471805599453,-0.01209234578227214,-0.0241618192097931,,-0.28190476190476194,-0.31809523809523815
aker-bp-akrbp-xosl,2026-10-05,1.0,1.0,0.6000000000000001,0.24000000000000005,1.0,0.0,0.0,0.6000000000000001,0.24000000000000005,1.1070557886050592,0.4,0.4,1.0,0.0,0.0,0.6931471805599453,0.008558569438656516,-0.004418442437185477,,0.4,0.0
blue-nord-bnor-xosl,2026-10-05,1.0,1.0,0.6000000000000001,0.0,0.0,0.0,0.0,1.5656627474604605,0.0,1.1937336386313322,0.0,0.0,0.0,0.0,0.0,0.6931471805599453,0.013906043746571228,-0.00322435062034232,,0.3784313725490196,-0.3784313725490196
circio-holding-crna-xosl,2026-10-05,4.0,1.0,0.5,0.15000000000000002,1.0,0.0,0.0,0.5,0.15000000000000002,0.35176014432971064,0.30000000000000004,0.30000000000000004,1.0,0.0,0.0,0.6931471805599453,0.04838754039214832,0.05003204323676802,,0.31739682539682545,-0.01739682539682541
himalaya-shipping-hshp-xosl,2026-10-05,1.0,1.0,0.9,-0.45,0.0,1.0,1.0,1.523832462503951,-0.7619162312519755,2.9240383034426896,-0.5,-0.5,0.0,1.0,1.0,0.6931471805599453,-0.026413536108707558,0.0037686563726646582,,0.5000000000000001,-1.0
kongsberg-gruppen-kog-xosl,2026-10-05,1.0,1.0,0.9,0.0,0.0,0.0,0.0,1.8887510598012986,0.0,0.0,0.0,0.0,0.0,0.0,0.0,0.6931471805599453,0.001491701726083372,-0.028906872272045914,,0.356,-0.356
kongsberg-maritime-kmar-xosl,2026-10-05,2.0,1.0,0.9500000000000001,0.5700000000000002,1.0,0.0,1.0,1.6084898215319483,0.9650938929191691,0.7684663561539572,0.6000000000000001,0.6000000000000001,1.0,0.0,1.0,0.6931471805599453,0.0056771947399689715,0.0005614600772519962,,0.5760000000000001,0.02400000000000002
medistim-medi-xosl,2026-10-05,1.0,1.0,0.8,0.4,1.0,0.0,1.0,0.8,0.4,1.5292029095125141,0.5,0.5,1.0,0.0,1.0,0.6931471805599453,0.0339202533380456,0.05396170656571475,,0.8,-0.30000000000000004
paratus-energy-services-plsv-xosl,2026-10-05,1.0,1.0,0.9,0.7200000000000001,1.0,0.0,1.0,0.9,0.7200000000000001,1.7369608421127307,0.8,0.8,1.0,0.0,1.0,0.6931471805599453,-0.0073763567458317025,0.002703709913707053,,0.4196078431372549,0.38039215686274513
pexip-holding-pexip-xosl,2026-10-05,1.0,1.0,0.7000000000000001,0.0,0.0,0.0,1.0,1.185203026391962,0.0,4.248529157249601,0.0,0.0,0.0,0.0,1.0,0.6931471805599453,-0.012469396684783196,-0.00804228762377257,,0.30000000000000004,-0.30000000000000004
sed-energy-holdings-enh-xosl,2026-10-05,1.0,1.0,0.6000000000000001,0.0,0.0,0.0,1.0,1.0158883083359673,0.0,-0.15129959109349975,0.0,0.0,0.0,0.0,1.0,0.6931471805599453,-0.005180518990317129,0.008434318986858091,,0.13300699300699306,-0.13300699300699306
thor-medical-trmed-xosl,2026-10-05,2.0,1.0,0.9,0.7200000000000001,1.0,0.0,1.0,0.9,0.7200000000000001,0.25124791086761383,0.8,0.8,1.0,0.0,1.0,0.6931471805599453,-0.020968644027948402,0.004901185134639885,,0.2936904761904762,0.5063095238095239
var-energi-var-xosl,2026-10-05,3.0,3.0,2.4000000000000004,1.3400000000000003,2.0,0.0,1.0,6.069929735924188,3.6981404578276855,1.3012332058373752,0.5583333333333333,0.6092558923607735,0.6666666666666666,0.0,0.3333333333333333,1.3862943611198906,0.01175426092793641,0.0025991133027613023,,0.16262626262626262,0.39570707070707073
zaptec-zap-xosl,2026-10-05,1.0,1.0,0.9,0.7200000000000001,1.0,0.0,1.0,2.1476649250079016,1.7181319400063213,0.4532167311622613,0.8,0.8,1.0,0.0,1.0,0.6931471805599453,-0.020400310757255014,0.014655078068146254,,0.14,0.66
blue-nord-bnor-xosl,2026-10-06,1.0,1.0,0.5,0.25,1.0,0.0,0.0,0.5,0.25,1.0775486583496408,0.5,0.5,1.0,0.0,0.0,0.6931471805599453,-0.00322435062034232,0.007570627296298649,,0.2838235294117647,0.2161764705882353
elmera-group-elmra-xosl,2026-10-06,2.0,1.0,0.7000000000000001,0.0,0.0,0.0,0.0,0.7000000000000001,0.0,5.0,0.0,0.0,0.0,0.0,0.0,0.6931471805599453,0.005916933289042081,0.007570627296298649,,0.0,0.0
hunter-group-hunt-xoas,2026-10-06,5.0,2.0,1.35,0.17,0.0,0.0,0.0,1.35,0.17,2.875946941747081,0.1259259259259259,0.1259259259259259,0.0,0.0,0.0,1.0986122886681096,0.02785237759179804,0.04540292746617547,,0.29466666666666674,-0.16874074074074083
kongsberg-maritime-kmar-xosl,2026-10-06,1.0,1.0,0.9500000000000001,0.6650000000000001,1.0,0.0,1.0,0.9500000000000001,0.6650000000000001,0.033255633149962605,0.7000000000000001,0.7000000000000001,1.0,0.0,1.0,0.6931471805599453,0.0005614600772519962,-0.019134647019772966,,0.5360000000000001,0.16399999999999992
medistim-medi-xosl,2026-10-06,1.0,1.0,0.5,0.2,1.0,0.0,0.0,1.3958797346140275,0.558351893845611,1.3633398887195787,0.4,0.4,1.0,0.0,0.0,0.6931471805599453,0.05396170656571475,-0.0071352550566424755,,0.65,-0.25
moreld-morld-xosl,2026-10-06,1.0,1.0,1.0,0.7000000000000001,1.0,0.0,1.0,1.0,0.7000000000000001,0.7310095758606723,0.7000000000000001,0.7000000000000001,1.0,0.0,1.0,0.6931471805599453,0.05487975052956595,-0.013571022093337715,,0.3210526315789474,0.37894736842105264
norbit-norbt-xosl,2026-10-06,3.0,1.0,1.0,0.0,0.0,0.0,0.0,1.219722457733622,0.0,3.1677081620629135,0.0,0.0,0.0,0.0,0.0,0.6931471805599453,-0.015402592255860825,-0.003778697940063469,,0.2688888888888889,-0.2688888888888889
norwegian-air-shuttle-nas-xosl,2026-10-06,2.0,1.0,0.6000000000000001,-0.30000000000000004,0.0,1.0,0.0,0.6000000000000001,-0.30000000000000004,0.9381484914148494,-0.5,-0.5,0.0,1.0,0.0,0.6931471805599453,0.011061667105776385,-0.024371451691006407,,-0.024999999999999994,-0.475
prosafe-prs-xosl,2026-10-06,2.0,1.0,0.8,0.4,1.0,0.0,0.0,0.8,0.4,0.8502681781901329,0.5,0.5,1.0,0.0,0.0,0.6931471805599453,-0.023314699726330712,0.016135929480355693,,0.24327485380116962,0.25672514619883036
protector-forsikring-prot-xosl,2026-10-06,2.0,2.0,1.5,0.9800000000000002,2.0,0.0,0.0,1.985203026391962,1.2711218158351774,0.9796906728314758,0.6533333333333334,0.6402981452962004,1.0,0.0,0.0,1.0986122886681096,-0.02087587892706133,-0.0036052862977326017,,0.09257142857142858,0.5607619047619048
sats-xosl,2026-10-06,1.0,1.0,0.9,-0.5400000000000001,0.0,1.0,1.0,0.9,-0.5400000000000001,2.924038303442689,-0.6000000000000002,-0.6000000000000002,0.0,1.0,1.0,0.6931471805599453,0.010097770296715325,0.02140708609027475,,0.6000000000000001,-1.2000000000000002
telenor-tel-xosl,2026-10-06,3.0,3.0,2.5,-0.33999999999999997,1.0,2.0,2.0,4.367640890735786,-0.27408326267991334,2.453230060730284,-0.13599999999999998,-0.06275315886461087,0.3333333333333333,0.6666666666666666,0.6666666666666666,1.3862943611198906,-0.018123470432285127,0.02515659535761572,,-0.3000000000000001,0.16400000000000012
yara-international-yar-xosl,2026-10-06,1.0,1.0,1.0,0.5,1.0,0.0,1.0,1.0,0.5,,0.5,0.5,1.0,0.0,1.0,0.6931471805599453,-0.0020327077637749547,0.009758870526968333,,,
aker-solutions-akso-xosl,2026-10-07,1.0,1.0,0.9,0.5400000000000001,1.0,0.0,0.0,1.8887510598012986,1.1332506358807795,4.2485291572496,0.6000000000000002,0.6000000000000001,1.0,0.0,0.0,0.6931471805599453,0.023570612037509542,-0.006751961929956418,,-0.30000000000000004,0.9000000000000002
circio-holding-crna-xosl,2026-10-07,4.0,2.0,1.5,0.42000000000000004,1.0,0.0,2.0,4.446553069048685,1.2243217501171038,0.7730849319178351,0.28,0.27534176048393383,0.5,0.0,1.0,1.0986122886681096,-0.033245740609187724,-0.036307462523990086,,0.30628571428571433,-0.0262857142857143
frontline-fro-xosl,2026-10-07,2.0,2.0,1.1,0.30000000000000004,1.0,0.0,1.0,2.4815510557964275,0.9907755278982139,0.22001737047810999,0.27272727272727276,0.3992565559285803,0.5,0.0,0.5,1.0986122886681096,0.02952671512064986,0.03313792008874805,,0.19575091575091577,0.07697635697635699
hunter-group-hunt-xoas,2026-10-07,3.0,2.0,1.2000000000000002,0.0,1.0,1.0,1.0,2.581551055796428,0.2199097756497973,0.916829273218502,0.0,0.08518513517523808,0.5,0.5,0.5,1.0986122886681096,0.04540292746617547,0.009005752107304588,,0.3198518518518519,-0.3198518518518519
kongsberg-automotive-koa-xosl,2026-10-07,1.0,1.0,0.9,0.2700000000000001,1.0,0.0,0.0,2.1476649250079016,0.6442994775023706,1.174322041888219,0.3000000000000001,0.30000000000000004,1.0,0.0,0.0,0.6931471805599453,-0.010647943062129683,-0.007032112682285541,,0.01769230769230769,0.2823076923076924
kongsberg-gruppen-kog-xosl,2026-10-07,1.0,1.0,0.8,-0.4800000000000001,0.0,1.0,0.0,0.8,-0.4800000000000001,0.1845636611576621,-0.6000000000000001,-0.6000000000000001,0.0,1.0,0.0,0.6931471805599453,-0.0038005897487995988,-0.01471661767906507,,0.356,-0.9560000000000001
kongsberg-maritime-kmar-xosl,2026-10-07,1.0,1.0,0.5,0.15000000000000002,1.0,0.0,1.0,1.651292546497023,0.49538776394910694,0.033255633149962605,0.30000000000000004,0.30000000000000004,1.0,0.0,1.0,0.6931471805599453,-0.019134647019772966,-0.013408458322789363,,0.516,-0.21599999999999997
norsk-hydro-nhy-xosl,2026-10-07,1.0,1.0,1.0,0.0,0.0,0.0,1.0,1.0,0.0,2.32020114070598,0.0,0.0,0.0,0.0,1.0,0.6931471805599453,-0.01256527117533568,0.005318353862473035,,3.700743415417188e-17,-3.700743415417188e-17
norwegian-air-shuttle-nas-xosl,2026-10-07,1.0,1.0,0.7000000000000001,0.0,0.0,0.0,0.0,2.238057204135354,0.0,0.07984885050001968,0.0,0.0,0.0,0.0,0.0,0.6931471805599453,-0.024371451691006407,-0.016244671909461772,,-0.12,0.12
prosafe-prs-xosl,2026-10-07,1.0,1.0,0.6000000000000001,0.3600000000000001,1.0,0.0,0.0,0.6000000000000001,0.3600000000000001,0.12236719453237171,0.6000000000000001,0.6000000000000001,1.0,0.0,0.0,0.6931471805599453,0.016135929480355693,-0.016770028849257046,,0.3074561403508772,0.2925438596491229
vend-marketplaces-vend-xosl,2026-10-07,1.0,1.0,0.9,0.6300000000000001,1.0,0.0,1.0,2.877502119602598,2.014251483721819,1.0655354774283852,0.7000000000000001,0.7000000000000002,1.0,0.0,1.0,0.6931471805599453,0.010763847748696098,0.025148159985851404,,0.38181818181818183,0.31818181818181823
