ticker,published,title,bucket,day_move,minutes_to_50,minutes_to_80,done_after_5min,done_after_10min,done_after_15min,done_after_30min,done_after_60min,done_after_120min
NYKD.OL,2026-08-20 15:22,Nykode Therapeutics Receives New U.S. Patent Strengthening Intellectual Property Protection for its fully individualized,small,-0.0351,47.21543333333333,52.21543333333333,-2.081,-1.08,-0.528,-0.273,1.0,1.0
ACR.OL,2026-08-24 15:19,Axactor ASA: Notice of exercise of call option,small,0.0187,45.06811666666667,60.06811666666667,0.134,0.101,-0.055,0.027,0.99,1.0
SWON.OL,2026-08-26 10:33,Correction – Full Half Year 2026 report attached,small,-0.0165,21.21751666666667,31.217516666666665,0.062,0.034,0.293,0.891,0.871,1.254
NYKD.OL,2026-09-09 14:59,Nykode Therapeutics to Present at the H.C. Wainwright 28th Annual Global Investment Conference,small,0.0277,65.19903333333333,80.19903333333333,-0.153,-0.159,-0.166,-0.263,0.47,1.0
LINK.OL,2026-09-11 10:59,LINK Mobility – LINK acquires Spanish company Interactive ,mid,0.0177,30.252200000000002,45.2522,0.281,0.281,0.326,0.548,0.771,0.701
AUTO.OL,2026-09-18 14:45,AutoStore Holdings Ltd. - Grants under the new long-term incentive plan 2026,mid,-0.0152,44.1993,49.1993,-0.194,-0.143,-0.092,0.075,1.079,1.0
SMOP.OL,2026-09-18 10:00,Carinthia gains independent digital infrastructure as BIK launches ALPSiX powered by Smartoptics and Arista,small,0.0253,4.90195,4.90195,1.012,1.001,0.849,0.919,1.065,1.644
ENH.OL,2026-09-17 09:54,Energy Holdings: Presentation at Pareto Securities Energy Conference 2026,small,-0.021,190.5893,260.5893,0.016,-0.046,0.03,0.015,0.169,0.373
PEN.OL,2026-09-16 11:55,Panoro Energy Presenting at Energy Conference in Oslo,small,-0.0213,164.0446,224.0446,0.09,0.09,0.091,-0.07,0.129,0.242
CRNA.OL,2026-09-23 13:08,Circio Holding ASA: Cancellation of Subsequent Offering,mid,0.0213,6.9462166666666665,6.9462166666666665,1.563,1.814,1.915,2.019,1.204,0.875
2020.OL,2026-09-23 11:32,2020 Bulkers Ltd.   Amendment of last day inclusive,small,-0.1592,217.96275,287.96274999999997,0.122,0.122,0.122,0.122,0.122,0.122
SCATC.OL,2026-10-01 14:54,Scatec starts construction of the 900 MW Shadwan wind project in Egypt,mid,0.0184,75.92201666666666,80.92201666666666,0.396,0.422,0.454,0.418,0.453,1.0
